,Survived,Pclass,Sex,Age,SibSp,Parch,Fare,Embarked,Title,Family Aboard,Alone
0,0,3,1,22.0,1,0,7.25,S,Mr,1,0
1,1,1,0,38.0,1,0,71.2833,C,Mrs,1,0
2,1,3,0,26.0,0,0,7.925,S,Miss,0,1
3,1,1,0,35.0,1,0,53.1,S,Mrs,1,0
4,0,3,1,35.0,0,0,8.05,S,Mr,0,1
5,0,3,1,,0,0,8.4583,Q,Mr,0,1
6,0,1,1,54.0,0,0,51.8625,S,Mr,0,1
7,0,3,1,2.0,3,1,21.075,S,Master,4,0
8,1,3,0,27.0,0,2,11.1333,S,Mrs,2,0
9,1,2,0,14.0,1,0,30.0708,C,Mrs,1,0
10,1,3,0,4.0,1,1,16.7,S,Miss,2,0
11,1,1,0,58.0,0,0,26.55,S,Miss,0,1
12,0,3,1,20.0,0,0,8.05,S,Mr,0,1
13,0,3,1,39.0,1,5,31.275,S,Mr,6,0
14,0,3,0,14.0,0,0,7.8542,S,Miss,0,1
15,1,2,0,55.0,0,0,16.0,S,Mrs,0,1
16,0,3,1,2.0,4,1,29.125,Q,Master,5,0
17,1,2,1,,0,0,13.0,S,Mr,0,1
18,0,3,0,31.0,1,0,18.0,S,Mrs,1,0
19,1,3,0,,0,0,7.225,C,Mrs,0,1
20,0,2,1,35.0,0,0,26.0,S,Mr,0,0
21,1,2,1,34.0,0,0,13.0,S,Mr,0,1
22,1,3,0,15.0,0,0,8.0292,Q,Miss,0,1
23,1,1,1,28.0,0,0,35.5,S,Mr,0,1
24,0,3,0,8.0,3,1,21.075,S,Miss,4,0
25,1,3,0,38.0,1,5,31.3875,S,Mrs,6,0
26,0,3,1,,0,0,7.225,C,Mr,0,1
27,0,1,1,19.0,3,2,263.0,S,Mr,5,0
28,1,3,0,,0,0,7.8792,Q,Miss,0,1
29,0,3,1,,0,0,7.8958,S,Mr,0,1
30,0,1,1,40.0,0,0,27.7208,C,Special,0,1
31,1,1,0,,1,0,146.5208,C,Mrs,1,0
32,1,3,0,,0,0,7.75,Q,Miss,0,1
33,0,2,1,66.0,0,0,10.5,S,Mr,0,1
34,0,1,1,28.0,1,0,82.1708,C,Mr,1,0
35,0,1,1,42.0,1,0,52.0,S,Mr,1,0
36,1,3,1,,0,0,7.2292,C,Mr,0,1
37,0,3,1,21.0,0,0,8.05,S,Mr,0,1
38,0,3,0,18.0,2,0,18.0,S,Miss,2,0
39,1,3,0,14.0,1,0,11.2417,C,Miss,1,0
40,0,3,0,40.0,1,0,9.475,S,Mrs,1,0
41,0,2,0,27.0,1,0,21.0,S,Mrs,1,0
42,0,3,1,,0,0,7.8958,C,Mr,0,1
43,1,2,0,3.0,1,2,41.5792,C,Miss,3,0
44,1,3,0,19.0,0,0,7.8792,Q,Miss,0,1
45,0,3,1,,0,0,8.05,S,Mr,0,1
46,0,3,1,,1,0,15.5,Q,Mr,1,0
47,1,3,0,,0,0,7.75,Q,Miss,0,1
48,0,3,1,,2,0,21.6792,C,Mr,2,0
49,0,3,0,18.0,1,0,17.8,S,Mrs,1,0
50,0,3,1,7.0,4,1,39.6875,S,Master,5,0
51,0,3,1,21.0,0,0,7.8,S,Mr,0,1
52,1,1,0,49.0,1,0,76.7292,C,Mrs,1,0
53,1,2,0,29.0,1,0,26.0,S,Mrs,1,0
54,0,1,1,65.0,0,1,61.9792,C,Mr,1,0
55,1,1,1,,0,0,35.5,S,Mr,0,1
56,1,2,0,21.0,0,0,10.5,S,Miss,0,1
57,0,3,1,28.5,0,0,7.2292,C,Mr,0,1
58,1,2,0,5.0,1,2,27.75,S,Miss,3,0
59,0,3,1,11.0,5,2,46.9,S,Master,7,0
60,0,3,1,22.0,0,0,7.2292,C,Mr,0,1
61,1,1,0,38.0,0,0,80.0,S,Miss,0,0
62,0,1,1,45.0,1,0,83.475,S,Mr,1,0
63,0,3,1,4.0,3,2,27.9,S,Master,5,0
64,0,1,1,,0,0,27.7208,C,Mr,0,1
65,1,3,1,,1,1,15.2458,C,Master,2,0
66,1,2,0,29.0,0,0,10.5,S,Mrs,0,1
67,0,3,1,19.0,0,0,8.1583,S,Mr,0,1
68,1,3,0,17.0,4,2,7.925,S,Miss,6,0
69,0,3,1,26.0,2,0,8.6625,S,Mr,2,0
70,0,2,1,32.0,0,0,10.5,S,Mr,0,1
71,0,3,0,16.0,5,2,46.9,S,Miss,7,0
72,0,2,1,21.0,0,0,73.5,S,Mr,0,0
73,0,3,1,26.0,1,0,14.4542,C,Mr,1,0
74,1,3,1,32.0,0,0,56.4958,S,Mr,0,0
75,0,3,1,25.0,0,0,7.65,S,Mr,0,1
76,0,3,1,,0,0,7.8958,S,Mr,0,1
77,0,3,1,,0,0,8.05,S,Mr,0,1
78,1,2,1,0.83,0,2,29.0,S,Master,2,0
79,1,3,0,30.0,0,0,12.475,S,Miss,0,0
80,0,3,1,22.0,0,0,9.0,S,Mr,0,1
81,1,3,1,29.0,0,0,9.5,S,Mr,0,1
82,1,3,0,,0,0,7.7875,Q,Miss,0,1
83,0,1,1,28.0,0,0,47.1,S,Mr,0,1
84,1,2,0,17.0,0,0,10.5,S,Miss,0,1
85,1,3,0,33.0,3,0,15.85,S,Mrs,3,0
86,0,3,1,16.0,1,3,34.375,S,Mr,4,0
87,0,3,1,,0,0,8.05,S,Mr,0,1
88,1,1,0,23.0,3,2,263.0,S,Miss,5,0
89,0,3,1,24.0,0,0,8.05,S,Mr,0,1
90,0,3,1,29.0,0,0,8.05,S,Mr,0,1
91,0,3,1,20.0,0,0,7.8542,S,Mr,0,1
92,0,1,1,46.0,1,0,61.175,S,Mr,1,0
93,0,3,1,26.0,1,2,20.575,S,Mr,3,0
94,0,3,1,59.0,0,0,7.25,S,Mr,0,1
95,0,3,1,,0,0,8.05,S,Mr,0,1
96,0,1,1,71.0,0,0,34.6542,C,Mr,0,1
97,1,1,1,23.0,0,1,63.3583,C,Mr,1,0
98,1,2,0,34.0,0,1,23.0,S,Mrs,1,0
99,0,2,1,34.0,1,0,26.0,S,Mr,1,0
100,0,3,0,28.0,0,0,7.8958,S,Miss,0,1
101,0,3,1,,0,0,7.8958,S,Mr,0,1
102,0,1,1,21.0,0,1,77.2875,S,Mr,1,0
103,0,3,1,33.0,0,0,8.6542,S,Mr,0,1
104,0,3,1,37.0,2,0,7.925,S,Mr,2,0
105,0,3,1,28.0,0,0,7.8958,S,Mr,0,1
106,1,3,0,21.0,0,0,7.65,S,Miss,0,1
107,1,3,1,,0,0,7.775,S,Mr,0,1
108,0,3,1,38.0,0,0,7.8958,S,Mr,0,1
109,1,3,0,,1,0,24.15,Q,Miss,1,0
110,0,1,1,47.0,0,0,52.0,S,Mr,0,0
111,0,3,0,14.5,1,0,14.4542,C,Miss,1,0
112,0,3,1,22.0,0,0,8.05,S,Mr,0,1
113,0,3,0,20.0,1,0,9.825,S,Miss,1,0
114,0,3,0,17.0,0,0,14.4583,C,Miss,0,0
115,0,3,1,21.0,0,0,7.925,S,Mr,0,1
116,0,3,1,70.5,0,0,7.75,Q,Mr,0,1
117,0,2,1,29.0,1,0,21.0,S,Mr,1,0
118,0,1,1,24.0,0,1,247.5208,C,Mr,1,0
119,0,3,0,2.0,4,2,31.275,S,Miss,6,0
120,0,2,1,21.0,2,0,73.5,S,Mr,2,0
121,0,3,1,,0,0,8.05,S,Mr,0,1
122,0,2,1,32.5,1,0,30.0708,C,Mr,1,0
123,1,2,0,32.5,0,0,13.0,S,Miss,0,1
124,0,1,1,54.0,0,1,77.2875,S,Mr,1,0
125,1,3,1,12.0,1,0,11.2417,C,Master,1,0
126,0,3,1,,0,0,7.75,Q,Mr,0,1
127,1,3,1,24.0,0,0,7.1417,S,Mr,0,1
128,1,3,0,,1,1,22.3583,C,Miss,2,0
129,0,3,1,45.0,0,0,6.975,S,Mr,0,1
130,0,3,1,33.0,0,0,7.8958,C,Mr,0,1
131,0,3,1,20.0,0,0,7.05,S,Mr,0,1
132,0,3,0,47.0,1,0,14.5,S,Mrs,1,0
133,1,2,0,29.0,1,0,26.0,S,Mrs,1,0
134,0,2,1,25.0,0,0,13.0,S,Mr,0,1
135,0,2,1,23.0,0,0,15.0458,C,Mr,0,1
136,1,1,0,19.0,0,2,26.2833,S,Miss,2,0
137,0,1,1,37.0,1,0,53.1,S,Mr,1,0
138,0,3,1,16.0,0,0,9.2167,S,Mr,0,0
139,0,1,1,24.0,0,0,79.2,C,Mr,0,0
140,0,3,0,,0,2,15.2458,C,Mrs,2,0
141,1,3,0,22.0,0,0,7.75,S,Miss,0,1
142,1,3,0,24.0,1,0,15.85,S,Mrs,1,0
143,0,3,1,19.0,0,0,6.75,Q,Mr,0,1
144,0,2,1,18.0,0,0,11.5,S,Mr,0,1
145,0,2,1,19.0,1,1,36.75,S,Mr,2,0
146,1,3,1,27.0,0,0,7.7958,S,Mr,0,1
147,0,3,0,9.0,2,2,34.375,S,Miss,4,0
148,0,2,1,36.5,0,2,26.0,S,Mr,2,0
149,0,2,1,42.0,0,0,13.0,S,Rev,0,1
150,0,2,1,51.0,0,0,12.525,S,Rev,0,1
151,1,1,0,22.0,1,0,66.6,S,Mrs,1,0
152,0,3,1,55.5,0,0,8.05,S,Mr,0,1
153,0,3,1,40.5,0,2,14.5,S,Mr,2,0
154,0,3,1,,0,0,7.3125,S,Mr,0,1
155,0,1,1,51.0,0,1,61.3792,C,Mr,1,0
156,1,3,0,16.0,0,0,7.7333,Q,Miss,0,1
157,0,3,1,30.0,0,0,8.05,S,Mr,0,1
158,0,3,1,,0,0,8.6625,S,Mr,0,1
159,0,3,1,,8,2,69.55,S,Master,10,0
160,0,3,1,44.0,0,1,16.1,S,Mr,1,0
161,1,2,0,40.0,0,0,15.75,S,Mrs,0,1
162,0,3,1,26.0,0,0,7.775,S,Mr,0,1
163,0,3,1,17.0,0,0,8.6625,S,Mr,0,1
164,0,3,1,1.0,4,1,39.6875,S,Master,5,0
165,1,3,1,9.0,0,2,20.525,S,Master,2,0
166,1,1,0,,0,1,55.0,S,Mrs,1,0
167,0,3,0,45.0,1,4,27.9,S,Mrs,5,0
168,0,1,1,,0,0,25.925,S,Mr,0,1
169,0,3,1,28.0,0,0,56.4958,S,Mr,0,0
170,0,1,1,61.0,0,0,33.5,S,Mr,0,1
171,0,3,1,4.0,4,1,29.125,Q,Master,5,0
172,1,3,0,1.0,1,1,11.1333,S,Miss,2,0
173,0,3,1,21.0,0,0,7.925,S,Mr,0,1
174,0,1,1,56.0,0,0,30.6958,C,Mr,0,1
175,0,3,1,18.0,1,1,7.8542,S,Mr,2,0
176,0,3,1,,3,1,25.4667,S,Master,4,0
177,0,1,0,50.0,0,0,28.7125,C,Miss,0,1
178,0,2,1,30.0,0,0,13.0,S,Mr,0,1
179,0,3,1,36.0,0,0,0.0,S,Mr,0,0
180,0,3,0,,8,2,69.55,S,Miss,10,0
181,0,2,1,,0,0,15.05,C,Mr,0,1
182,0,3,1,9.0,4,2,31.3875,S,Master,6,0
183,1,2,1,1.0,2,1,39.0,S,Master,3,0
184,1,3,0,4.0,0,2,22.025,S,Miss,2,0
185,0,1,1,,0,0,50.0,S,Mr,0,1
186,1,3,0,,1,0,15.5,Q,Mrs,1,0
187,1,1,1,45.0,0,0,26.55,S,Mr,0,1
188,0,3,1,40.0,1,1,15.5,Q,Mr,2,0
189,0,3,1,36.0,0,0,7.8958,S,Mr,0,1
190,1,2,0,32.0,0,0,13.0,S,Mrs,0,1
191,0,2,1,19.0,0,0,13.0,S,Mr,0,1
192,1,3,0,19.0,1,0,7.8542,S,Miss,1,0
193,1,2,1,3.0,1,1,26.0,S,Master,2,0
194,1,1,0,44.0,0,0,27.7208,C,Mrs,0,1
195,1,1,0,58.0,0,0,146.5208,C,Miss,0,0
196,0,3,1,,0,0,7.75,Q,Mr,0,1
197,0,3,1,42.0,0,1,8.4042,S,Mr,1,0
198,1,3,0,,0,0,7.75,Q,Miss,0,1
199,0,2,0,24.0,0,0,13.0,S,Miss,0,1
200,0,3,1,28.0,0,0,9.5,S,Mr,0,1
201,0,3,1,,8,2,69.55,S,Mr,10,0
202,0,3,1,34.0,0,0,6.4958,S,Mr,0,1
203,0,3,1,45.5,0,0,7.225,C,Mr,0,1
204,1,3,1,18.0,0,0,8.05,S,Mr,0,1
205,0,3,0,2.0,0,1,10.4625,S,Miss,1,0
206,0,3,1,32.0,1,0,15.85,S,Mr,1,0
207,1,3,1,26.0,0,0,18.7875,C,Mr,0,0
208,1,3,0,16.0,0,0,7.75,Q,Miss,0,1
209,1,1,1,40.0,0,0,31.0,C,Mr,0,1
210,0,3,1,24.0,0,0,7.05,S,Mr,0,1
211,1,2,0,35.0,0,0,21.0,S,Miss,0,1
212,0,3,1,22.0,0,0,7.25,S,Mr,0,1
213,0,2,1,30.0,0,0,13.0,S,Mr,0,1
214,0,3,1,,1,0,7.75,Q,Mr,1,0
215,1,1,0,31.0,1,0,113.275,C,Miss,1,0
216,1,3,0,27.0,0,0,7.925,S,Miss,0,1
217,0,2,1,42.0,1,0,27.0,S,Mr,1,0
218,1,1,0,32.0,0,0,76.2917,C,Miss,0,1
219,0,2,1,30.0,0,0,10.5,S,Mr,0,1
220,1,3,1,16.0,0,0,8.05,S,Mr,0,1
221,0,2,1,27.0,0,0,13.0,S,Mr,0,1
222,0,3,1,51.0,0,0,8.05,S,Mr,0,1
223,0,3,1,,0,0,7.8958,S,Mr,0,1
224,1,1,1,38.0,1,0,90.0,S,Mr,1,0
225,0,3,1,22.0,0,0,9.35,S,Mr,0,1
226,1,2,1,19.0,0,0,10.5,S,Mr,0,1
227,0,3,1,20.5,0,0,7.25,S,Mr,0,1
228,0,2,1,18.0,0,0,13.0,S,Mr,0,1
229,0,3,0,,3,1,25.4667,S,Miss,4,0
230,1,1,0,35.0,1,0,83.475,S,Mrs,1,0
231,0,3,1,29.0,0,0,7.775,S,Mr,0,1
232,0,2,1,59.0,0,0,13.5,S,Mr,0,1
233,1,3,0,5.0,4,2,31.3875,S,Miss,6,0
234,0,2,1,24.0,0,0,10.5,S,Mr,0,1
235,0,3,0,,0,0,7.55,S,Miss,0,1
236,0,2,1,44.0,1,0,26.0,S,Mr,1,0
237,1,2,0,8.0,0,2,26.25,S,Miss,2,0
238,0,2,1,19.0,0,0,10.5,S,Mr,0,1
239,0,2,1,33.0,0,0,12.275,S,Mr,0,1
240,0,3,0,,1,0,14.4542,C,Miss,1,0
241,1,3,0,,1,0,15.5,Q,Miss,1,0
242,0,2,1,29.0,0,0,10.5,S,Mr,0,1
243,0,3,1,22.0,0,0,7.125,S,Mr,0,1
244,0,3,1,30.0,0,0,7.225,C,Mr,0,1
245,0,1,1,44.0,2,0,90.0,Q,Dr,2,0
246,0,3,0,25.0,0,0,7.775,S,Miss,0,1
247,1,2,0,24.0,0,2,14.5,S,Mrs,2,0
248,1,1,1,37.0,1,1,52.5542,S,Mr,2,0
249,0,2,1,54.0,1,0,26.0,S,Rev,1,0
250,0,3,1,,0,0,7.25,S,Mr,0,1
251,0,3,0,29.0,1,1,10.4625,S,Mrs,2,0
252,0,1,1,62.0,0,0,26.55,S,Mr,0,1
253,0,3,1,30.0,1,0,16.1,S,Mr,1,0
254,0,3,0,41.0,0,2,20.2125,S,Mrs,2,0
255,1,3,0,29.0,0,2,15.2458,C,Mrs,2,0
256,1,1,0,,0,0,79.2,C,Mrs,0,1
257,1,1,0,30.0,0,0,86.5,S,Miss,0,0
258,1,1,0,35.0,0,0,512.3292,C,Miss,0,0
259,1,2,0,50.0,0,1,26.0,S,Mrs,1,0
260,0,3,1,,0,0,7.75,Q,Mr,0,1
261,1,3,1,3.0,4,2,31.3875,S,Master,6,0
262,0,1,1,52.0,1,1,79.65,S,Mr,2,0
263,0,1,1,40.0,0,0,0.0,S,Mr,0,1
264,0,3,0,,0,0,7.75,Q,Miss,0,1
265,0,2,1,36.0,0,0,10.5,S,Mr,0,1
266,0,3,1,16.0,4,1,39.6875,S,Mr,5,0
267,1,3,1,25.0,1,0,7.775,S,Mr,1,0
268,1,1,0,58.0,0,1,153.4625,S,Mrs,1,0
269,1,1,0,35.0,0,0,135.6333,S,Miss,0,0
270,0,1,1,,0,0,31.0,S,Mr,0,0
271,1,3,1,25.0,0,0,0.0,S,Mr,0,0
272,1,2,0,41.0,0,1,19.5,S,Mrs,1,0
273,0,1,1,37.0,0,1,29.7,C,Mr,1,0
274,1,3,0,,0,0,7.75,Q,Miss,0,1
275,1,1,0,63.0,1,0,77.9583,S,Miss,1,0
276,0,3,0,45.0,0,0,7.75,S,Miss,0,1
277,0,2,1,,0,0,0.0,S,Mr,0,0
278,0,3,1,7.0,4,1,29.125,Q,Master,5,0
279,1,3,0,35.0,1,1,20.25,S,Mrs,2,0
280,0,3,1,65.0,0,0,7.75,Q,Mr,0,1
281,0,3,1,28.0,0,0,7.8542,S,Mr,0,1
282,0,3,1,16.0,0,0,9.5,S,Mr,0,1
283,1,3,1,19.0,0,0,8.05,S,Mr,0,1
284,0,1,1,,0,0,26.0,S,Mr,0,1
285,0,3,1,33.0,0,0,8.6625,C,Mr,0,1
286,1,3,1,30.0,0,0,9.5,S,Mr,0,1
287,0,3,1,22.0,0,0,7.8958,S,Mr,0,1
288,1,2,1,42.0,0,0,13.0,S,Mr,0,1
289,1,3,0,22.0,0,0,7.75,Q,Miss,0,1
290,1,1,0,26.0,0,0,78.85,S,Miss,0,0
291,1,1,0,19.0,1,0,91.0792,C,Mrs,1,0
292,0,2,1,36.0,0,0,12.875,C,Mr,0,1
293,0,3,0,24.0,0,0,8.85,S,Miss,0,1
294,0,3,1,24.0,0,0,7.8958,S,Mr,0,1
295,0,1,1,,0,0,27.7208,C,Mr,0,1
296,0,3,1,23.5,0,0,7.2292,C,Mr,0,1
297,0,1,0,2.0,1,2,151.55,S,Miss,3,0
298,1,1,1,,0,0,30.5,S,Mr,0,1
299,1,1,0,50.0,0,1,247.5208,C,Mrs,1,0
300,1,3,0,,0,0,7.75,Q,Miss,0,1
301,1,3,1,,2,0,23.25,Q,Mr,2,0
302,0,3,1,19.0,0,0,0.0,S,Mr,0,0
303,1,2,0,,0,0,12.35,Q,Miss,0,1
304,0,3,1,,0,0,8.05,S,Mr,0,1
305,1,1,1,0.92,1,2,151.55,S,Master,3,0
306,1,1,0,,0,0,110.8833,C,Miss,0,0
307,1,1,0,17.0,1,0,108.9,C,Mrs,1,0
308,0,2,1,30.0,1,0,24.0,C,Mr,1,0
309,1,1,0,30.0,0,0,56.9292,C,Miss,0,0
310,1,1,0,24.0,0,0,83.1583,C,Miss,0,0
311,1,1,0,18.0,2,2,262.375,C,Miss,4,0
312,0,2,0,26.0,1,1,26.0,S,Mrs,2,0
313,0,3,1,28.0,0,0,7.8958,S,Mr,0,1
314,0,2,1,43.0,1,1,26.25,S,Mr,2,0
315,1,3,0,26.0,0,0,7.8542,S,Miss,0,1
316,1,2,0,24.0,1,0,26.0,S,Mrs,1,0
317,0,2,1,54.0,0,0,14.0,S,Dr,0,1
318,1,1,0,31.0,0,2,164.8667,S,Miss,2,0
319,1,1,0,40.0,1,1,134.5,C,Mrs,2,0
320,0,3,1,22.0,0,0,7.25,S,Mr,0,1
321,0,3,1,27.0,0,0,7.8958,S,Mr,0,1
322,1,2,0,30.0,0,0,12.35,Q,Miss,0,1
323,1,2,0,22.0,1,1,29.0,S,Mrs,2,0
324,0,3,1,,8,2,69.55,S,Mr,10,0
325,1,1,0,36.0,0,0,135.6333,C,Miss,0,0
326,0,3,1,61.0,0,0,6.2375,S,Mr,0,1
327,1,2,0,36.0,0,0,13.0,S,Mrs,0,1
328,1,3,0,31.0,1,1,20.525,S,Mrs,2,0
329,1,1,0,16.0,0,1,57.9792,C,Miss,1,0
330,1,3,0,,2,0,23.25,Q,Miss,2,0
331,0,1,1,45.5,0,0,28.5,S,Mr,0,1
332,0,1,1,38.0,0,1,153.4625,S,Mr,1,0
333,0,3,1,16.0,2,0,18.0,S,Mr,2,0
334,1,1,0,,1,0,133.65,S,Mrs,1,0
335,0,3,1,,0,0,7.8958,S,Mr,0,1
336,0,1,1,29.0,1,0,66.6,S,Mr,1,0
337,1,1,0,41.0,0,0,134.5,C,Miss,0,0
338,1,3,1,45.0,0,0,8.05,S,Mr,0,1
339,0,1,1,45.0,0,0,35.5,S,Mr,0,1
340,1,2,1,2.0,1,1,26.0,S,Master,2,0
341,1,1,0,24.0,3,2,263.0,S,Miss,5,0
342,0,2,1,28.0,0,0,13.0,S,Mr,0,1
343,0,2,1,25.0,0,0,13.0,S,Mr,0,1
344,0,2,1,36.0,0,0,13.0,S,Mr,0,1
345,1,2,0,24.0,0,0,13.0,S,Miss,0,1
346,1,2,0,40.0,0,0,13.0,S,Miss,0,1
347,1,3,0,,1,0,16.1,S,Mrs,1,0
348,1,3,1,3.0,1,1,15.9,S,Master,2,0
349,0,3,1,42.0,0,0,8.6625,S,Mr,0,1
350,0,3,1,23.0,0,0,9.225,S,Mr,0,1
351,0,1,1,,0,0,35.0,S,Mr,0,1
352,0,3,1,15.0,1,1,7.2292,C,Mr,2,0
353,0,3,1,25.0,1,0,17.8,S,Mr,1,0
354,0,3,1,,0,0,7.225,C,Mr,0,1
355,0,3,1,28.0,0,0,9.5,S,Mr,0,1
356,1,1,0,22.0,0,1,55.0,S,Miss,1,0
357,0,2,0,38.0,0,0,13.0,S,Miss,0,1
358,1,3,0,,0,0,7.8792,Q,Miss,0,1
359,1,3,0,,0,0,7.8792,Q,Miss,0,1
360,0,3,1,40.0,1,4,27.9,S,Mr,5,0
361,0,2,1,29.0,1,0,27.7208,C,Mr,1,0
362,0,3,0,45.0,0,1,14.4542,C,Mrs,1,0
363,0,3,1,35.0,0,0,7.05,S,Mr,0,1
364,0,3,1,,1,0,15.5,Q,Mr,1,0
365,0,3,1,30.0,0,0,7.25,S,Mr,0,1
366,1,1,0,60.0,1,0,75.25,C,Mrs,1,0
367,1,3,0,,0,0,7.2292,C,Mrs,0,1
368,1,3,0,,0,0,7.75,Q,Miss,0,1
369,1,1,0,24.0,0,0,69.3,C,Mrs,0,0
370,1,1,1,25.0,1,0,55.4417,C,Mr,1,0
371,0,3,1,18.0,1,0,6.4958,S,Mr,1,0
372,0,3,1,19.0,0,0,8.05,S,Mr,0,1
373,0,1,1,22.0,0,0,135.6333,C,Mr,0,0
374,0,3,0,3.0,3,1,21.075,S,Miss,4,0
375,1,1,0,,1,0,82.1708,C,Mrs,1,0
376,1,3,0,22.0,0,0,7.25,S,Miss,0,1
377,0,1,1,27.0,0,2,211.5,C,Mr,2,0
378,0,3,1,20.0,0,0,4.0125,C,Mr,0,1
379,0,3,1,19.0,0,0,7.775,S,Mr,0,1
380,1,1,0,42.0,0,0,227.525,C,Miss,0,0
381,1,3,0,1.0,0,2,15.7417,C,Miss,2,0
382,0,3,1,32.0,0,0,7.925,S,Mr,0,1
383,1,1,0,35.0,1,0,52.0,S,Mrs,1,0
384,0,3,1,,0,0,7.8958,S,Mr,0,1
385,0,2,1,18.0,0,0,73.5,S,Mr,0,0
386,0,3,1,1.0,5,2,46.9,S,Master,7,0
387,1,2,0,36.0,0,0,13.0,S,Miss,0,1
388,0,3,1,,0,0,7.7292,Q,Mr,0,1
389,1,2,0,17.0,0,0,12.0,C,Miss,0,1
390,1,1,1,36.0,1,2,120.0,S,Mr,3,0
391,1,3,1,21.0,0,0,7.7958,S,Mr,0,1
392,0,3,1,28.0,2,0,7.925,S,Mr,2,0
393,1,1,0,23.0,1,0,113.275,C,Miss,1,0
394,1,3,0,24.0,0,2,16.7,S,Mrs,2,0
395,0,3,1,22.0,0,0,7.7958,S,Mr,0,1
396,0,3,0,31.0,0,0,7.8542,S,Miss,0,1
397,0,2,1,46.0,0,0,26.0,S,Mr,0,0
398,0,2,1,23.0,0,0,10.5,S,Dr,0,1
399,1,2,0,28.0,0,0,12.65,S,Mrs,0,1
400,1,3,1,39.0,0,0,7.925,S,Mr,0,1
401,0,3,1,26.0,0,0,8.05,S,Mr,0,1
402,0,3,0,21.0,1,0,9.825,S,Miss,1,0
403,0,3,1,28.0,1,0,15.85,S,Mr,1,0
404,0,3,0,20.0,0,0,8.6625,S,Miss,0,1
405,0,2,1,34.0,1,0,21.0,S,Mr,1,0
406,0,3,1,51.0,0,0,7.75,S,Mr,0,1
407,1,2,1,3.0,1,1,18.75,S,Master,2,0
408,0,3,1,21.0,0,0,7.775,S,Mr,0,1
409,0,3,0,,3,1,25.4667,S,Miss,4,0
410,0,3,1,,0,0,7.8958,S,Mr,0,1
411,0,3,1,,0,0,6.8583,Q,Mr,0,1
412,1,1,0,33.0,1,0,90.0,Q,Miss,1,0
413,0,2,1,,0,0,0.0,S,Mr,0,0
414,1,3,1,44.0,0,0,7.925,S,Mr,0,1
415,0,3,0,,0,0,8.05,S,Mrs,0,1
416,1,2,0,34.0,1,1,32.5,S,Mrs,2,0
417,1,2,0,18.0,0,2,13.0,S,Miss,2,0
418,0,2,1,30.0,0,0,13.0,S,Mr,0,1
419,0,3,0,10.0,0,2,24.15,S,Miss,2,0
420,0,3,1,,0,0,7.8958,C,Mr,0,1
421,0,3,1,21.0,0,0,7.7333,Q,Mr,0,1
422,0,3,1,29.0,0,0,7.875,S,Mr,0,1
423,0,3,0,28.0,1,1,14.4,S,Mrs,2,0
424,0,3,1,18.0,1,1,20.2125,S,Mr,2,0
425,0,3,1,,0,0,7.25,S,Mr,0,1
426,1,2,0,28.0,1,0,26.0,S,Mrs,1,0
427,1,2,0,19.0,0,0,26.0,S,Miss,0,0
428,0,3,1,,0,0,7.75,Q,Mr,0,1
429,1,3,1,32.0,0,0,8.05,S,Mr,0,1
430,1,1,1,28.0,0,0,26.55,S,Mr,0,1
431,1,3,0,,1,0,16.1,S,Mrs,1,0
432,1,2,0,42.0,1,0,26.0,S,Mrs,1,0
433,0,3,1,17.0,0,0,7.125,S,Mr,0,1
434,0,1,1,50.0,1,0,55.9,S,Mr,1,0
435,1,1,0,14.0,1,2,120.0,S,Miss,3,0
436,0,3,0,21.0,2,2,34.375,S,Miss,4,0
437,1,2,0,24.0,2,3,18.75,S,Mrs,5,0
438,0,1,1,64.0,1,4,263.0,S,Mr,5,0
439,0,2,1,31.0,0,0,10.5,S,Mr,0,1
440,1,2,0,45.0,1,1,26.25,S,Mrs,2,0
441,0,3,1,20.0,0,0,9.5,S,Mr,0,1
442,0,3,1,25.0,1,0,7.775,S,Mr,1,0
443,1,2,0,28.0,0,0,13.0,S,Miss,0,1
444,1,3,1,,0,0,8.1125,S,Mr,0,1
445,1,1,1,4.0,0,2,81.8583,S,Master,2,0
446,1,2,0,13.0,0,1,19.5,S,Miss,1,0
447,1,1,1,34.0,0,0,26.55,S,Mr,0,1
448,1,3,0,5.0,2,1,19.2583,C,Miss,3,0
449,1,1,1,52.0,0,0,30.5,S,Special,0,1
450,0,2,1,36.0,1,2,27.75,S,Mr,3,0
451,0,3,1,,1,0,19.9667,S,Mr,1,0
452,0,1,1,30.0,0,0,27.75,C,Mr,0,1
453,1,1,1,49.0,1,0,89.1042,C,Mr,1,0
454,0,3,1,,0,0,8.05,S,Mr,0,1
455,1,3,1,29.0,0,0,7.8958,C,Mr,0,1
456,0,1,1,65.0,0,0,26.55,S,Mr,0,1
457,1,1,0,,1,0,51.8625,S,Mrs,1,0
458,1,2,0,50.0,0,0,10.5,S,Miss,0,1
459,0,3,1,,0,0,7.75,Q,Mr,0,1
460,1,1,1,48.0,0,0,26.55,S,Mr,0,1
461,0,3,1,34.0,0,0,8.05,S,Mr,0,1
462,0,1,1,47.0,0,0,38.5,S,Mr,0,1
463,0,2,1,48.0,0,0,13.0,S,Mr,0,1
464,0,3,1,,0,0,8.05,S,Mr,0,1
465,0,3,1,38.0,0,0,7.05,S,Mr,0,1
466,0,2,1,,0,0,0.0,S,Mr,0,0
467,0,1,1,56.0,0,0,26.55,S,Mr,0,1
468,0,3,1,,0,0,7.725,Q,Mr,0,1
469,1,3,0,0.75,2,1,19.2583,C,Miss,3,0
470,0,3,1,,0,0,7.25,S,Mr,0,1
471,0,3,1,38.0,0,0,8.6625,S,Mr,0,1
472,1,2,0,33.0,1,2,27.75,S,Mrs,3,0
473,1,2,0,23.0,0,0,13.7917,C,Mrs,0,1
474,0,3,0,22.0,0,0,9.8375,S,Miss,0,1
475,0,1,1,,0,0,52.0,S,Mr,0,0
476,0,2,1,34.0,1,0,21.0,S,Mr,1,0
477,0,3,1,29.0,1,0,7.0458,S,Mr,1,0
478,0,3,1,22.0,0,0,7.5208,S,Mr,0,1
479,1,3,0,2.0,0,1,12.2875,S,Miss,1,0
480,0,3,1,9.0,5,2,46.9,S,Master,7,0
481,0,2,1,,0,0,0.0,S,Mr,0,1
482,0,3,1,50.0,0,0,8.05,S,Mr,0,1
483,1,3,0,63.0,0,0,9.5875,S,Mrs,0,1
484,1,1,1,25.0,1,0,91.0792,C,Mr,1,0
485,0,3,0,,3,1,25.4667,S,Miss,4,0
486,1,1,0,35.0,1,0,90.0,S,Mrs,1,0
487,0,1,1,58.0,0,0,29.7,C,Mr,0,1
488,0,3,1,30.0,0,0,8.05,S,Mr,0,1
489,1,3,1,9.0,1,1,15.9,S,Master,2,0
490,0,3,1,,1,0,19.9667,S,Mr,1,0
491,0,3,1,21.0,0,0,7.25,S,Mr,0,1
492,0,1,1,55.0,0,0,30.5,S,Mr,0,1
493,0,1,1,71.0,0,0,49.5042,C,Mr,0,1
494,0,3,1,21.0,0,0,8.05,S,Mr,0,1
495,0,3,1,,0,0,14.4583,C,Mr,0,0
496,1,1,0,54.0,1,0,78.2667,C,Miss,1,0
497,0,3,1,,0,0,15.1,S,Mr,0,1
498,0,1,0,25.0,1,2,151.55,S,Mrs,3,0
499,0,3,1,24.0,0,0,7.7958,S,Mr,0,1
500,0,3,1,17.0,0,0,8.6625,S,Mr,0,1
501,0,3,0,21.0,0,0,7.75,Q,Miss,0,1
502,0,3,0,,0,0,7.6292,Q,Miss,0,1
503,0,3,0,37.0,0,0,9.5875,S,Miss,0,1
504,1,1,0,16.0,0,0,86.5,S,Miss,0,0
505,0,1,1,18.0,1,0,108.9,C,Mr,1,0
506,1,2,0,33.0,0,2,26.0,S,Mrs,2,0
507,1,1,1,,0,0,26.55,S,Mr,0,1
508,0,3,1,28.0,0,0,22.525,S,Mr,0,1
509,1,3,1,26.0,0,0,56.4958,S,Mr,0,0
510,1,3,1,29.0,0,0,7.75,Q,Mr,0,1
511,0,3,1,,0,0,8.05,S,Mr,0,1
512,1,1,1,36.0,0,0,26.2875,S,Mr,0,1
513,1,1,0,54.0,1,0,59.4,C,Mrs,1,0
514,0,3,1,24.0,0,0,7.4958,S,Mr,0,1
515,0,1,1,47.0,0,0,34.0208,S,Mr,0,1
516,1,2,0,34.0,0,0,10.5,S,Mrs,0,1
517,0,3,1,,0,0,24.15,Q,Mr,0,0
518,1,2,0,36.0,1,0,26.0,S,Mrs,1,0
519,0,3,1,32.0,0,0,7.8958,S,Mr,0,1
520,1,1,0,30.0,0,0,93.5,S,Miss,0,0
521,0,3,1,22.0,0,0,7.8958,S,Mr,0,1
522,0,3,1,,0,0,7.225,C,Mr,0,1
523,1,1,0,44.0,0,1,57.9792,C,Mrs,1,0
524,0,3,1,,0,0,7.2292,C,Mr,0,1
525,0,3,1,40.5,0,0,7.75,Q,Mr,0,1
526,1,2,0,50.0,0,0,10.5,S,Miss,0,1
527,0,1,1,,0,0,221.7792,S,Mr,0,1
528,0,3,1,39.0,0,0,7.925,S,Mr,0,1
529,0,2,1,23.0,2,1,11.5,S,Mr,3,0
530,1,2,0,2.0,1,1,26.0,S,Miss,2,0
531,0,3,1,,0,0,7.2292,C,Mr,0,1
532,0,3,1,17.0,1,1,7.2292,C,Mr,2,0
533,1,3,0,,0,2,22.3583,C,Mrs,2,0
534,0,3,0,30.0,0,0,8.6625,S,Miss,0,1
535,1,2,0,7.0,0,2,26.25,S,Miss,2,0
536,0,1,1,45.0,0,0,26.55,S,Special,0,1
537,1,1,0,30.0,0,0,106.425,C,Miss,0,0
538,0,3,1,,0,0,14.5,S,Mr,0,1
539,1,1,0,22.0,0,2,49.5,C,Miss,2,0
540,1,1,0,36.0,0,2,71.0,S,Miss,2,0
541,0,3,0,9.0,4,2,31.275,S,Miss,6,0
542,0,3,0,11.0,4,2,31.275,S,Miss,6,0
543,1,2,1,32.0,1,0,26.0,S,Mr,1,0
544,0,1,1,50.0,1,0,106.425,C,Mr,1,0
545,0,1,1,64.0,0,0,26.0,S,Mr,0,1
546,1,2,0,19.0,1,0,26.0,S,Mrs,1,0
547,1,2,1,,0,0,13.8625,C,Mr,0,1
548,0,3,1,33.0,1,1,20.525,S,Mr,2,0
549,1,2,1,8.0,1,1,36.75,S,Master,2,0
550,1,1,1,17.0,0,2,110.8833,C,Mr,2,0
551,0,2,1,27.0,0,0,26.0,S,Mr,0,1
552,0,3,1,,0,0,7.8292,Q,Mr,0,1
553,1,3,1,22.0,0,0,7.225,C,Mr,0,1
554,1,3,0,22.0,0,0,7.775,S,Miss,0,1
555,0,1,1,62.0,0,0,26.55,S,Mr,0,1
556,1,1,0,48.0,1,0,39.6,C,Special,1,0
557,0,1,1,,0,0,227.525,C,Mr,0,0
558,1,1,0,39.0,1,1,79.65,S,Mrs,2,0
559,1,3,0,36.0,1,0,17.4,S,Mrs,1,0
560,0,3,1,,0,0,7.75,Q,Mr,0,1
561,0,3,1,40.0,0,0,7.8958,S,Mr,0,1
562,0,2,1,28.0,0,0,13.5,S,Mr,0,1
563,0,3,1,,0,0,8.05,S,Mr,0,1
564,0,3,0,,0,0,8.05,S,Miss,0,1
565,0,3,1,24.0,2,0,24.15,S,Mr,2,0
566,0,3,1,19.0,0,0,7.8958,S,Mr,0,1
567,0,3,0,29.0,0,4,21.075,S,Mrs,4,0
568,0,3,1,,0,0,7.2292,C,Mr,0,1
569,1,3,1,32.0,0,0,7.8542,S,Mr,0,1
570,1,2,1,62.0,0,0,10.5,S,Mr,0,1
571,1,1,0,53.0,2,0,51.4792,S,Mrs,2,0
572,1,1,1,36.0,0,0,26.3875,S,Mr,0,1
573,1,3,0,,0,0,7.75,Q,Miss,0,1
574,0,3,1,16.0,0,0,8.05,S,Mr,0,1
575,0,3,1,19.0,0,0,14.5,S,Mr,0,0
576,1,2,0,34.0,0,0,13.0,S,Miss,0,1
577,1,1,0,39.0,1,0,55.9,S,Mrs,1,0
578,0,3,0,,1,0,14.4583,C,Mrs,1,0
579,1,3,1,32.0,0,0,7.925,S,Mr,0,1
580,1,2,0,25.0,1,1,30.0,S,Miss,2,0
581,1,1,0,39.0,1,1,110.8833,C,Mrs,2,0
582,0,2,1,54.0,0,0,26.0,S,Mr,0,0
583,0,1,1,36.0,0,0,40.125,C,Mr,0,1
584,0,3,1,,0,0,8.7125,C,Mr,0,1
585,1,1,0,18.0,0,2,79.65,S,Miss,2,0
586,0,2,1,47.0,0,0,15.0,S,Mr,0,1
587,1,1,1,60.0,1,1,79.2,C,Mr,2,0
588,0,3,1,22.0,0,0,8.05,S,Mr,0,1
589,0,3,1,,0,0,8.05,S,Mr,0,1
590,0,3,1,35.0,0,0,7.125,S,Mr,0,1
591,1,1,0,52.0,1,0,78.2667,C,Mrs,1,0
592,0,3,1,47.0,0,0,7.25,S,Mr,0,1
593,0,3,0,,0,2,7.75,Q,Miss,2,0
594,0,2,1,37.0,1,0,26.0,S,Mr,1,0
595,0,3,1,36.0,1,1,24.15,S,Mr,2,0
596,1,2,0,,0,0,33.0,S,Miss,0,0
597,0,3,1,49.0,0,0,0.0,S,Mr,0,0
598,0,3,1,,0,0,7.225,C,Mr,0,1
599,1,1,1,49.0,1,0,56.9292,C,Special,1,0
600,1,2,0,24.0,2,1,27.0,S,Mrs,3,0
601,0,3,1,,0,0,7.8958,S,Mr,0,1
602,0,1,1,,0,0,42.4,S,Mr,0,1
603,0,3,1,44.0,0,0,8.05,S,Mr,0,1
604,1,1,1,35.0,0,0,26.55,C,Mr,0,1
605,0,3,1,36.0,1,0,15.55,S,Mr,1,0
606,0,3,1,30.0,0,0,7.8958,S,Mr,0,1
607,1,1,1,27.0,0,0,30.5,S,Mr,0,1
608,1,2,0,22.0,1,2,41.5792,C,Mrs,3,0
609,1,1,0,40.0,0,0,153.4625,S,Miss,0,0
610,0,3,0,39.0,1,5,31.275,S,Mrs,6,0
611,0,3,1,,0,0,7.05,S,Mr,0,1
612,1,3,0,,1,0,15.5,Q,Miss,1,0
613,0,3,1,,0,0,7.75,Q,Mr,0,1
614,0,3,1,35.0,0,0,8.05,S,Mr,0,1
615,1,2,0,24.0,1,2,65.0,S,Miss,3,0
616,0,3,1,34.0,1,1,14.4,S,Mr,2,0
617,0,3,0,26.0,1,0,16.1,S,Mrs,1,0
618,1,2,0,4.0,2,1,39.0,S,Miss,3,0
619,0,2,1,26.0,0,0,10.5,S,Mr,0,1
620,0,3,1,27.0,1,0,14.4542,C,Mr,1,0
621,1,1,1,42.0,1,0,52.5542,S,Mr,1,0
622,1,3,1,20.0,1,1,15.7417,C,Mr,2,0
623,0,3,1,21.0,0,0,7.8542,S,Mr,0,1
624,0,3,1,21.0,0,0,16.1,S,Mr,0,0
625,0,1,1,61.0,0,0,32.3208,S,Mr,0,1
626,0,2,1,57.0,0,0,12.35,Q,Rev,0,1
627,1,1,0,21.0,0,0,77.9583,S,Miss,0,0
628,0,3,1,26.0,0,0,7.8958,S,Mr,0,1
629,0,3,1,,0,0,7.7333,Q,Mr,0,1
630,1,1,1,80.0,0,0,30.0,S,Mr,0,1
631,0,3,1,51.0,0,0,7.0542,S,Mr,0,1
632,1,1,1,32.0,0,0,30.5,C,Dr,0,1
633,0,1,1,,0,0,0.0,S,Mr,0,1
634,0,3,0,9.0,3,2,27.9,S,Miss,5,0
635,1,2,0,28.0,0,0,13.0,S,Miss,0,1
636,0,3,1,32.0,0,0,7.925,S,Mr,0,1
637,0,2,1,31.0,1,1,26.25,S,Mr,2,0
638,0,3,0,41.0,0,5,39.6875,S,Mrs,5,0
639,0,3,1,,1,0,16.1,S,Mr,1,0
640,0,3,1,20.0,0,0,7.8542,S,Mr,0,1
641,1,1,0,24.0,0,0,69.3,C,Miss,0,0
642,0,3,0,2.0,3,2,27.9,S,Miss,5,0
643,1,3,1,,0,0,56.4958,S,Mr,0,0
644,1,3,0,0.75,2,1,19.2583,C,Miss,3,0
645,1,1,1,48.0,1,0,76.7292,C,Mr,1,0
646,0,3,1,19.0,0,0,7.8958,S,Mr,0,1
647,1,1,1,56.0,0,0,35.5,C,Special,0,1
648,0,3,1,,0,0,7.55,S,Mr,0,1
649,1,3,0,23.0,0,0,7.55,S,Miss,0,1
650,0,3,1,,0,0,7.8958,S,Mr,0,1
651,1,2,0,18.0,0,1,23.0,S,Miss,1,0
652,0,3,1,21.0,0,0,8.4333,S,Mr,0,1
653,1,3,0,,0,0,7.8292,Q,Miss,0,1
654,0,3,0,18.0,0,0,6.75,Q,Miss,0,1
655,0,2,1,24.0,2,0,73.5,S,Mr,2,0
656,0,3,1,,0,0,7.8958,S,Mr,0,1
657,0,3,0,32.0,1,1,15.5,Q,Mrs,2,0
658,0,2,1,23.0,0,0,13.0,S,Mr,0,1
659,0,1,1,58.0,0,2,113.275,C,Mr,2,0
660,1,1,1,50.0,2,0,133.65,S,Dr,2,0
661,0,3,1,40.0,0,0,7.225,C,Mr,0,1
662,0,1,1,47.0,0,0,25.5875,S,Mr,0,1
663,0,3,1,36.0,0,0,7.4958,S,Mr,0,1
664,1,3,1,20.0,1,0,7.925,S,Mr,1,0
665,0,2,1,32.0,2,0,73.5,S,Mr,2,0
666,0,2,1,25.0,0,0,13.0,S,Mr,0,1
667,0,3,1,,0,0,7.775,S,Mr,0,1
668,0,3,1,43.0,0,0,8.05,S,Mr,0,1
669,1,1,0,,1,0,52.0,S,Mrs,1,0
670,1,2,0,40.0,1,1,39.0,S,Mrs,2,0
671,0,1,1,31.0,1,0,52.0,S,Mr,1,0
672,0,2,1,70.0,0,0,10.5,S,Mr,0,1
673,1,2,1,31.0,0,0,13.0,S,Mr,0,1
674,0,2,1,,0,0,0.0,S,Mr,0,1
675,0,3,1,18.0,0,0,7.775,S,Mr,0,1
676,0,3,1,24.5,0,0,8.05,S,Mr,0,1
677,1,3,0,18.0,0,0,9.8417,S,Miss,0,1
678,0,3,0,43.0,1,6,46.9,S,Mrs,7,0
679,1,1,1,36.0,0,1,512.3292,C,Mr,1,0
680,0,3,0,,0,0,8.1375,Q,Miss,0,1
681,1,1,1,27.0,0,0,76.7292,C,Mr,0,0
682,0,3,1,20.0,0,0,9.225,S,Mr,0,1
683,0,3,1,14.0,5,2,46.9,S,Mr,7,0
684,0,2,1,60.0,1,1,39.0,S,Mr,2,0
685,0,2,1,25.0,1,2,41.5792,C,Mr,3,0
686,0,3,1,14.0,4,1,39.6875,S,Mr,5,0
687,0,3,1,19.0,0,0,10.1708,S,Mr,0,1
688,0,3,1,18.0,0,0,7.7958,S,Mr,0,1
689,1,1,0,15.0,0,1,211.3375,S,Miss,1,0
690,1,1,1,31.0,1,0,57.0,S,Mr,1,0
691,1,3,0,4.0,0,1,13.4167,C,Miss,1,0
692,1,3,1,,0,0,56.4958,S,Mr,0,0
693,0,3,1,25.0,0,0,7.225,C,Mr,0,1
694,0,1,1,60.0,0,0,26.55,S,Special,0,1
695,0,2,1,52.0,0,0,13.5,S,Mr,0,1
696,0,3,1,44.0,0,0,8.05,S,Mr,0,1
697,1,3,0,,0,0,7.7333,Q,Miss,0,1
698,0,1,1,49.0,1,1,110.8833,C,Mr,2,0
699,0,3,1,42.0,0,0,7.65,S,Mr,0,1
700,1,1,0,18.0,1,0,227.525,C,Mrs,1,0
701,1,1,1,35.0,0,0,26.2875,S,Mr,0,1
702,0,3,0,18.0,0,1,14.4542,C,Miss,1,0
703,0,3,1,25.0,0,0,7.7417,Q,Mr,0,1
704,0,3,1,26.0,1,0,7.8542,S,Mr,1,0
705,0,2,1,39.0,0,0,26.0,S,Mr,0,0
706,1,2,0,45.0,0,0,13.5,S,Mrs,0,1
707,1,1,1,42.0,0,0,26.2875,S,Mr,0,1
708,1,1,0,22.0,0,0,151.55,S,Miss,0,0
709,1,3,1,,1,1,15.2458,C,Master,2,0
710,1,1,0,24.0,0,0,49.5042,C,Miss,0,1
711,0,1,1,,0,0,26.55,S,Mr,0,1
712,1,1,1,48.0,1,0,52.0,S,Mr,1,0
713,0,3,1,29.0,0,0,9.4833,S,Mr,0,1
714,0,2,1,52.0,0,0,13.0,S,Mr,0,0
715,0,3,1,19.0,0,0,7.65,S,Mr,0,1
716,1,1,0,38.0,0,0,227.525,C,Miss,0,0
717,1,2,0,27.0,0,0,10.5,S,Miss,0,1
718,0,3,1,,0,0,15.5,Q,Mr,0,1
719,0,3,1,33.0,0,0,7.775,S,Mr,0,1
720,1,2,0,6.0,0,1,33.0,S,Miss,1,0
721,0,3,1,17.0,1,0,7.0542,S,Mr,1,0
722,0,2,1,34.0,0,0,13.0,S,Mr,0,1
723,0,2,1,50.0,0,0,13.0,S,Mr,0,1
724,1,1,1,27.0,1,0,53.1,S,Mr,1,0
725,0,3,1,20.0,0,0,8.6625,S,Mr,0,1
726,1,2,0,30.0,3,0,21.0,S,Mrs,3,0
727,1,3,0,,0,0,7.7375,Q,Miss,0,1
728,0,2,1,25.0,1,0,26.0,S,Mr,1,0
729,0,3,0,25.0,1,0,7.925,S,Miss,1,0
730,1,1,0,29.0,0,0,211.3375,S,Miss,0,0
731,0,3,1,11.0,0,0,18.7875,C,Mr,0,0
732,0,2,1,,0,0,0.0,S,Mr,0,1
733,0,2,1,23.0,0,0,13.0,S,Mr,0,1
734,0,2,1,23.0,0,0,13.0,S,Mr,0,1
735,0,3,1,28.5,0,0,16.1,S,Mr,0,0
736,0,3,0,48.0,1,3,34.375,S,Mrs,4,0
737,1,1,1,35.0,0,0,512.3292,C,Mr,0,0
738,0,3,1,,0,0,7.8958,S,Mr,0,1
739,0,3,1,,0,0,7.8958,S,Mr,0,1
740,1,1,1,,0,0,30.0,S,Mr,0,1
741,0,1,1,36.0,1,0,78.85,S,Mr,1,0
742,1,1,0,21.0,2,2,262.375,C,Miss,4,0
743,0,3,1,24.0,1,0,16.1,S,Mr,1,0
744,1,3,1,31.0,0,0,7.925,S,Mr,0,1
745,0,1,1,70.0,1,1,71.0,S,Special,2,0
746,0,3,1,16.0,1,1,20.25,S,Mr,2,0
747,1,2,0,30.0,0,0,13.0,S,Miss,0,1
748,0,1,1,19.0,1,0,53.1,S,Mr,1,0
749,0,3,1,31.0,0,0,7.75,Q,Mr,0,1
750,1,2,0,4.0,1,1,23.0,S,Miss,2,0
751,1,3,1,6.0,0,1,12.475,S,Master,1,0
752,0,3,1,33.0,0,0,9.5,S,Mr,0,1
753,0,3,1,23.0,0,0,7.8958,S,Mr,0,1
754,1,2,0,48.0,1,2,65.0,S,Mrs,3,0
755,1,2,1,0.67,1,1,14.5,S,Master,2,0
756,0,3,1,28.0,0,0,7.7958,S,Mr,0,1
757,0,2,1,18.0,0,0,11.5,S,Mr,0,1
758,0,3,1,34.0,0,0,8.05,S,Mr,0,1
759,1,1,0,33.0,0,0,86.5,S,Special,0,0
760,0,3,1,,0,0,14.5,S,Mr,0,0
761,0,3,1,41.0,0,0,7.125,S,Mr,0,1
762,1,3,1,20.0,0,0,7.2292,C,Mr,0,1
763,1,1,0,36.0,1,2,120.0,S,Mrs,3,0
764,0,3,1,16.0,0,0,7.775,S,Mr,0,1
765,1,1,0,51.0,1,0,77.9583,S,Mrs,1,0
766,0,1,1,,0,0,39.6,C,Dr,0,1
767,0,3,0,30.5,0,0,7.75,Q,Miss,0,1
768,0,3,1,,1,0,24.15,Q,Mr,1,0
769,0,3,1,32.0,0,0,8.3625,S,Mr,0,1
770,0,3,1,24.0,0,0,9.5,S,Mr,0,1
771,0,3,1,48.0,0,0,7.8542,S,Mr,0,1
772,0,2,0,57.0,0,0,10.5,S,Mrs,0,0
773,0,3,1,,0,0,7.225,C,Mr,0,1
774,1,2,0,54.0,1,3,23.0,S,Mrs,4,0
775,0,3,1,18.0,0,0,7.75,S,Mr,0,1
776,0,3,1,,0,0,7.75,Q,Mr,0,1
777,1,3,0,5.0,0,0,12.475,S,Miss,0,0
778,0,3,1,,0,0,7.7375,Q,Mr,0,1
779,1,1,0,43.0,0,1,211.3375,S,Mrs,1,0
780,1,3,0,13.0,0,0,7.2292,C,Miss,0,1
781,1,1,0,17.0,1,0,57.0,S,Mrs,1,0
782,0,1,1,29.0,0,0,30.0,S,Mr,0,1
783,0,3,1,,1,2,23.45,S,Mr,3,0
784,0,3,1,25.0,0,0,7.05,S,Mr,0,1
785,0,3,1,25.0,0,0,7.25,S,Mr,0,1
786,1,3,0,18.0,0,0,7.4958,S,Miss,0,1
787,0,3,1,8.0,4,1,29.125,Q,Master,5,0
788,1,3,1,1.0,1,2,20.575,S,Master,3,0
789,0,1,1,46.0,0,0,79.2,C,Mr,0,0
790,0,3,1,,0,0,7.75,Q,Mr,0,1
791,0,2,1,16.0,0,0,26.0,S,Mr,0,0
792,0,3,0,,8,2,69.55,S,Miss,10,0
793,0,1,1,,0,0,30.6958,C,Mr,0,1
794,0,3,1,25.0,0,0,7.8958,S,Mr,0,1
795,0,2,1,39.0,0,0,13.0,S,Mr,0,1
796,1,1,0,49.0,0,0,25.9292,S,Dr,0,1
797,1,3,0,31.0,0,0,8.6833,S,Mrs,0,1
798,0,3,1,30.0,0,0,7.2292,C,Mr,0,1
799,0,3,0,30.0,1,1,24.15,S,Mrs,2,0
800,0,2,1,34.0,0,0,13.0,S,Mr,0,0
801,1,2,0,31.0,1,1,26.25,S,Mrs,2,0
802,1,1,1,11.0,1,2,120.0,S,Master,3,0
803,1,3,1,0.42,0,1,8.5167,C,Master,1,0
804,1,3,1,27.0,0,0,6.975,S,Mr,0,1
805,0,3,1,31.0,0,0,7.775,S,Mr,0,1
806,0,1,1,39.0,0,0,0.0,S,Mr,0,1
807,0,3,0,18.0,0,0,7.775,S,Miss,0,1
808,0,2,1,39.0,0,0,13.0,S,Mr,0,1
809,1,1,0,33.0,1,0,53.1,S,Mrs,1,0
810,0,3,1,26.0,0,0,7.8875,S,Mr,0,1
811,0,3,1,39.0,0,0,24.15,S,Mr,0,0
812,0,2,1,35.0,0,0,10.5,S,Mr,0,1
813,0,3,0,6.0,4,2,31.275,S,Miss,6,0
814,0,3,1,30.5,0,0,8.05,S,Mr,0,1
815,0,1,1,,0,0,0.0,S,Mr,0,1
816,0,3,0,23.0,0,0,7.925,S,Miss,0,1
817,0,2,1,31.0,1,1,37.0042,C,Mr,2,0
818,0,3,1,43.0,0,0,6.45,S,Mr,0,1
819,0,3,1,10.0,3,2,27.9,S,Master,5,0
820,1,1,0,52.0,1,1,93.5,S,Mrs,2,0
821,1,3,1,27.0,0,0,8.6625,S,Mr,0,1
822,0,1,1,38.0,0,0,0.0,S,Special,0,1
823,1,3,0,27.0,0,1,12.475,S,Mrs,1,0
824,0,3,1,2.0,4,1,39.6875,S,Master,5,0
825,0,3,1,,0,0,6.95,Q,Mr,0,1
826,0,3,1,,0,0,56.4958,S,Mr,0,0
827,1,2,1,1.0,0,2,37.0042,C,Master,2,0
828,1,3,1,,0,0,7.75,Q,Mr,0,1
829,1,1,0,62.0,0,0,80.0,S,Mrs,0,0
830,1,3,0,15.0,1,0,14.4542,C,Mrs,1,0
831,1,2,1,0.83,1,1,18.75,S,Master,2,0
832,0,3,1,,0,0,7.2292,C,Mr,0,1
833,0,3,1,23.0,0,0,7.8542,S,Mr,0,1
834,0,3,1,18.0,0,0,8.3,S,Mr,0,1
835,1,1,0,39.0,1,1,83.1583,C,Miss,2,0
836,0,3,1,21.0,0,0,8.6625,S,Mr,0,1
837,0,3,1,,0,0,8.05,S,Mr,0,1
838,1,3,1,32.0,0,0,56.4958,S,Mr,0,0
839,1,1,1,,0,0,29.7,C,Mr,0,1
840,0,3,1,20.0,0,0,7.925,S,Mr,0,1
841,0,2,1,16.0,0,0,10.5,S,Mr,0,0
842,1,1,0,30.0,0,0,31.0,C,Miss,0,0
843,0,3,1,34.5,0,0,6.4375,C,Mr,0,1
844,0,3,1,17.0,0,0,8.6625,S,Mr,0,1
845,0,3,1,42.0,0,0,7.55,S,Mr,0,1
846,0,3,1,,8,2,69.55,S,Mr,10,0
847,0,3,1,35.0,0,0,7.8958,C,Mr,0,1
848,0,2,1,28.0,0,1,33.0,S,Rev,1,0
849,1,1,0,,1,0,89.1042,C,Mrs,1,0
850,0,3,1,4.0,4,2,31.275,S,Master,6,0
851,0,3,1,74.0,0,0,7.775,S,Mr,0,1
852,0,3,0,9.0,1,1,15.2458,C,Miss,2,0
853,1,1,0,16.0,0,1,39.4,S,Miss,1,0
854,0,2,0,44.0,1,0,26.0,S,Mrs,1,0
855,1,3,0,18.0,0,1,9.35,S,Mrs,1,0
856,1,1,0,45.0,1,1,164.8667,S,Mrs,2,0
857,1,1,1,51.0,0,0,26.55,S,Mr,0,1
858,1,3,0,24.0,0,3,19.2583,C,Mrs,3,0
859,0,3,1,,0,0,7.2292,C,Mr,0,1
860,0,3,1,41.0,2,0,14.1083,S,Mr,2,0
861,0,2,1,21.0,1,0,11.5,S,Mr,1,0
862,1,1,0,48.0,0,0,25.9292,S,Mrs,0,1
863,0,3,0,,8,2,69.55,S,Miss,10,0
864,0,2,1,24.0,0,0,13.0,S,Mr,0,1
865,1,2,0,42.0,0,0,13.0,S,Mrs,0,1
866,1,2,0,27.0,1,0,13.8583,C,Miss,1,0
867,0,1,1,31.0,0,0,50.4958,S,Mr,0,1
868,0,3,1,,0,0,9.5,S,Mr,0,1
869,1,3,1,4.0,1,1,11.1333,S,Master,2,0
870,0,3,1,26.0,0,0,7.8958,S,Mr,0,1
871,1,1,0,47.0,1,1,52.5542,S,Mrs,2,0
872,0,1,1,33.0,0,0,5.0,S,Mr,0,1
873,0,3,1,47.0,0,0,9.0,S,Mr,0,1
874,1,2,0,28.0,1,0,24.0,C,Mrs,1,0
875,1,3,0,15.0,0,0,7.225,C,Miss,0,1
876,0,3,1,20.0,0,0,9.8458,S,Mr,0,0
877,0,3,1,19.0,0,0,7.8958,S,Mr,0,1
878,0,3,1,,0,0,7.8958,S,Mr,0,1
879,1,1,0,56.0,0,1,83.1583,C,Mrs,1,0
880,1,2,0,25.0,0,1,26.0,S,Mrs,1,0
881,0,3,1,33.0,0,0,7.8958,S,Mr,0,1
882,0,3,0,22.0,0,0,10.5167,S,Miss,0,1
883,0,2,1,28.0,0,0,10.5,S,Mr,0,1
884,0,3,1,25.0,0,0,7.05,S,Mr,0,1
885,0,3,0,39.0,0,5,29.125,Q,Mrs,5,0
886,0,2,1,27.0,0,0,13.0,S,Rev,0,1
887,1,1,0,19.0,0,0,30.0,S,Miss,0,1
888,0,3,0,,1,2,23.45,S,Miss,3,0
889,1,1,1,26.0,0,0,30.0,C,Mr,0,1
890,0,3,1,32.0,0,0,7.75,Q,Mr,0,1
