Pclass,Sex,Age,SibSp,Parch,Fare,Family Aboard,Alone,Embarked_Q,Embarked_S,Title_Master,Title_Miss,Title_Mr,Title_Mrs,Title_Rev,Title_Special
3.0,1.0,27.0,0.0,0.0,7.7958,0.0,1.0,0.0,1.0,0.0,0.0,1.0,0.0,0.0,0.0
2.0,1.0,27.0,0.0,0.0,13.0,0.0,1.0,0.0,1.0,0.0,0.0,1.0,0.0,0.0,0.0
3.0,1.0,20.0,0.0,0.0,8.6625,0.0,1.0,0.0,1.0,0.0,0.0,1.0,0.0,0.0,0.0
3.0,1.0,20.0,0.0,0.0,9.225,0.0,1.0,0.0,1.0,0.0,0.0,1.0,0.0,0.0,0.0
3.0,0.0,24.212804996743134,0.0,0.0,7.6292,0.0,1.0,1.0,0.0,0.0,1.0,0.0,0.0,0.0,0.0
3.0,1.0,21.0,0.0,0.0,7.25,0.0,1.0,0.0,1.0,0.0,0.0,1.0,0.0,0.0,0.0
3.0,0.0,24.2117061811864,0.0,0.0,7.8792,0.0,1.0,1.0,0.0,0.0,1.0,0.0,0.0,0.0,0.0
3.0,1.0,44.0,0.0,0.0,8.05,0.0,1.0,0.0,1.0,0.0,0.0,1.0,0.0,0.0,0.0
3.0,1.0,9.0,0.0,2.0,20.525,2.0,0.0,0.0,1.0,1.0,0.0,0.0,0.0,0.0,0.0
1.0,1.0,44.390992739590466,0.0,0.0,26.0,0.0,1.0,0.0,1.0,0.0,0.0,1.0,0.0,0.0,0.0
3.0,1.0,22.0,0.0,0.0,9.0,0.0,1.0,0.0,1.0,0.0,0.0,1.0,0.0,0.0,0.0
3.0,1.0,20.5,0.0,0.0,7.25,0.0,1.0,0.0,1.0,0.0,0.0,1.0,0.0,0.0,0.0
3.0,1.0,25.0,1.0,0.0,17.8,1.0,0.0,0.0,1.0,0.0,0.0,1.0,0.0,0.0,0.0
1.0,0.0,24.0,0.0,0.0,83.1583,0.0,0.0,0.0,0.0,0.0,1.0,0.0,0.0,0.0,0.0
2.0,0.0,50.0,0.0,1.0,26.0,1.0,0.0,0.0,1.0,0.0,0.0,0.0,1.0,0.0,0.0
2.0,0.0,22.0,1.0,1.0,29.0,2.0,0.0,0.0,1.0,0.0,0.0,0.0,1.0,0.0,0.0
2.0,0.0,14.0,1.0,0.0,30.0708,1.0,0.0,0.0,0.0,0.0,0.0,0.0,1.0,0.0,0.0
1.0,1.0,35.0,0.0,0.0,26.55,0.0,1.0,0.0,0.0,0.0,0.0,1.0,0.0,0.0,0.0
1.0,1.0,62.0,0.0,0.0,26.55,0.0,1.0,0.0,1.0,0.0,0.0,1.0,0.0,0.0,0.0
3.0,1.0,42.0,0.0,0.0,7.65,0.0,1.0,0.0,1.0,0.0,0.0,1.0,0.0,0.0,0.0
3.0,1.0,36.0,0.0,0.0,0.0,0.0,0.0,0.0,1.0,0.0,0.0,1.0,0.0,0.0,0.0
1.0,1.0,19.0,3.0,2.0,263.0,5.0,0.0,0.0,1.0,0.0,0.0,1.0,0.0,0.0,0.0
3.0,1.0,33.81166199159307,0.0,0.0,15.5,0.0,1.0,1.0,0.0,0.0,0.0,1.0,0.0,0.0,0.0
3.0,0.0,18.0,0.0,1.0,9.35,1.0,0.0,0.0,1.0,0.0,0.0,0.0,1.0,0.0,0.0
2.0,1.0,29.0,1.0,0.0,27.7208,1.0,0.0,0.0,0.0,0.0,0.0,1.0,0.0,0.0,0.0
3.0,0.0,24.0,0.0,0.0,8.85,0.0,1.0,0.0,1.0,0.0,1.0,0.0,0.0,0.0,0.0
1.0,1.0,70.0,1.0,1.0,71.0,2.0,0.0,0.0,1.0,0.0,0.0,0.0,0.0,0.0,1.0
3.0,1.0,33.84261210961648,0.0,0.0,8.4583,0.0,1.0,1.0,0.0,0.0,0.0,1.0,0.0,0.0,0.0
3.0,1.0,42.0,0.0,1.0,8.4042,1.0,0.0,0.0,1.0,0.0,0.0,1.0,0.0,0.0,0.0
1.0,0.0,18.0,1.0,0.0,227.525,1.0,0.0,0.0,0.0,0.0,0.0,0.0,1.0,0.0,0.0
1.0,1.0,49.0,1.0,1.0,110.8833,2.0,0.0,0.0,0.0,0.0,0.0,1.0,0.0,0.0,0.0
1.0,1.0,29.0,0.0,0.0,30.0,0.0,1.0,0.0,1.0,0.0,0.0,1.0,0.0,0.0,0.0
3.0,1.0,3.0,4.0,2.0,31.3875,6.0,0.0,0.0,1.0,1.0,0.0,0.0,0.0,0.0,0.0
1.0,1.0,34.0,0.0,0.0,26.55,0.0,1.0,0.0,1.0,0.0,0.0,1.0,0.0,0.0,0.0
2.0,1.0,32.5,1.0,0.0,30.0708,1.0,0.0,0.0,0.0,0.0,0.0,1.0,0.0,0.0,0.0
2.0,1.0,0.67,1.0,1.0,14.5,2.0,0.0,0.0,1.0,1.0,0.0,0.0,0.0,0.0,0.0
3.0,0.0,21.0,0.0,0.0,7.75,0.0,1.0,1.0,0.0,0.0,1.0,0.0,0.0,0.0,0.0
3.0,0.0,18.0,2.0,0.0,18.0,2.0,0.0,0.0,1.0,0.0,1.0,0.0,0.0,0.0,0.0
3.0,0.0,24.2117061811864,0.0,0.0,7.8792,0.0,1.0,1.0,0.0,0.0,1.0,0.0,0.0,0.0,0.0
1.0,0.0,36.0,1.0,2.0,120.0,3.0,0.0,0.0,1.0,0.0,0.0,0.0,1.0,0.0,0.0
1.0,0.0,41.51428339826046,1.0,0.0,133.65,1.0,0.0,0.0,1.0,0.0,0.0,0.0,1.0,0.0,0.0
3.0,1.0,29.0,0.0,0.0,7.8958,0.0,1.0,0.0,0.0,0.0,0.0,1.0,0.0,0.0,0.0
3.0,1.0,29.559184351179056,0.0,0.0,24.15,0.0,0.0,1.0,0.0,0.0,0.0,1.0,0.0,0.0,0.0
3.0,1.0,26.0,0.0,0.0,7.775,0.0,1.0,0.0,1.0,0.0,0.0,1.0,0.0,0.0,0.0
3.0,1.0,19.0,0.0,0.0,8.1583,0.0,1.0,0.0,1.0,0.0,0.0,1.0,0.0,0.0,0.0
1.0,1.0,54.0,0.0,1.0,77.2875,1.0,0.0,0.0,1.0,0.0,0.0,1.0,0.0,0.0,0.0
3.0,0.0,14.0,1.0,0.0,11.2417,1.0,0.0,0.0,0.0,0.0,1.0,0.0,0.0,0.0,0.0
3.0,1.0,35.0,0.0,0.0,8.05,0.0,1.0,0.0,1.0,0.0,0.0,1.0,0.0,0.0,0.0
2.0,1.0,66.0,0.0,0.0,10.5,0.0,1.0,0.0,1.0,0.0,0.0,1.0,0.0,0.0,0.0
3.0,1.0,30.531146154156733,0.0,0.0,7.8958,0.0,1.0,0.0,1.0,0.0,0.0,1.0,0.0,0.0,0.0
3.0,1.0,28.0,1.0,0.0,15.85,1.0,0.0,0.0,1.0,0.0,0.0,1.0,0.0,0.0,0.0
1.0,1.0,35.0,0.0,0.0,26.2875,0.0,1.0,0.0,1.0,0.0,0.0,1.0,0.0,0.0,0.0
3.0,1.0,30.531146154156733,0.0,0.0,7.8958,0.0,1.0,0.0,1.0,0.0,0.0,1.0,0.0,0.0,0.0
3.0,1.0,65.0,0.0,0.0,7.75,0.0,1.0,1.0,0.0,0.0,0.0,1.0,0.0,0.0,0.0
2.0,0.0,4.0,2.0,1.0,39.0,3.0,0.0,0.0,1.0,0.0,1.0,0.0,0.0,0.0,0.0
2.0,1.0,34.0,1.0,0.0,26.0,1.0,0.0,0.0,1.0,0.0,0.0,1.0,0.0,0.0,0.0
3.0,1.0,31.0,0.0,0.0,7.775,0.0,1.0,0.0,1.0,0.0,0.0,1.0,0.0,0.0,0.0
2.0,0.0,40.0,1.0,1.0,39.0,2.0,0.0,0.0,1.0,0.0,0.0,0.0,1.0,0.0,0.0
2.0,1.0,44.0,1.0,0.0,26.0,1.0,0.0,0.0,1.0,0.0,0.0,1.0,0.0,0.0,0.0
1.0,0.0,16.0,0.0,1.0,39.4,1.0,0.0,0.0,1.0,0.0,1.0,0.0,0.0,0.0,0.0
3.0,1.0,33.84537716908345,0.0,0.0,7.8292,0.0,1.0,1.0,0.0,0.0,0.0,1.0,0.0,0.0,0.0
1.0,1.0,36.0,0.0,1.0,512.3292,1.0,0.0,0.0,0.0,0.0,0.0,1.0,0.0,0.0,0.0
1.0,0.0,41.87376090764592,1.0,0.0,51.8625,1.0,0.0,0.0,1.0,0.0,0.0,0.0,1.0,0.0,0.0
2.0,0.0,33.0,1.0,2.0,27.75,3.0,0.0,0.0,1.0,0.0,0.0,0.0,1.0,0.0,0.0
3.0,1.0,24.82893815043975,0.0,0.0,14.4583,0.0,0.0,0.0,0.0,0.0,0.0,1.0,0.0,0.0,0.0
3.0,1.0,32.0,0.0,0.0,7.8958,0.0,1.0,0.0,1.0,0.0,0.0,1.0,0.0,0.0,0.0
3.0,1.0,30.531677101833747,0.0,0.0,7.775,0.0,1.0,0.0,1.0,0.0,0.0,1.0,0.0,0.0,0.0
3.0,1.0,26.0,0.0,0.0,7.8875,0.0,1.0,0.0,1.0,0.0,0.0,1.0,0.0,0.0,0.0
2.0,0.0,28.0,0.0,0.0,12.65,0.0,1.0,0.0,1.0,0.0,0.0,0.0,1.0,0.0,0.0
1.0,1.0,42.91582479614912,0.0,0.0,29.7,0.0,1.0,0.0,0.0,0.0,0.0,1.0,0.0,0.0,0.0
3.0,1.0,33.845725273851826,0.0,0.0,7.75,0.0,1.0,1.0,0.0,0.0,0.0,1.0,0.0,0.0,0.0
3.0,1.0,15.0,1.0,1.0,7.2292,2.0,0.0,0.0,0.0,0.0,0.0,1.0,0.0,0.0,0.0
1.0,1.0,60.0,1.0,1.0,79.2,2.0,0.0,0.0,0.0,0.0,0.0,1.0,0.0,0.0,0.0
3.0,1.0,16.0,1.0,1.0,20.25,2.0,0.0,0.0,1.0,0.0,0.0,1.0,0.0,0.0,0.0
3.0,1.0,20.0,0.0,0.0,8.05,0.0,1.0,0.0,1.0,0.0,0.0,1.0,0.0,0.0,0.0
3.0,0.0,31.408102628992637,1.0,0.0,15.5,1.0,0.0,1.0,0.0,0.0,0.0,0.0,1.0,0.0,0.0
1.0,1.0,44.31891043906873,0.0,0.0,42.4,0.0,1.0,0.0,1.0,0.0,0.0,1.0,0.0,0.0,0.0
2.0,0.0,22.0,1.0,2.0,41.5792,3.0,0.0,0.0,0.0,0.0,0.0,0.0,1.0,0.0,0.0
1.0,1.0,50.0,1.0,0.0,55.9,1.0,0.0,0.0,1.0,0.0,0.0,1.0,0.0,0.0,0.0
1.0,0.0,33.0,1.0,0.0,53.1,1.0,0.0,0.0,1.0,0.0,0.0,0.0,1.0,0.0,0.0
3.0,0.0,3.0,3.0,1.0,21.075,4.0,0.0,0.0,1.0,0.0,1.0,0.0,0.0,0.0,0.0
3.0,1.0,33.845725273851826,0.0,0.0,7.75,0.0,1.0,1.0,0.0,0.0,0.0,1.0,0.0,0.0,0.0
3.0,0.0,63.0,0.0,0.0,9.5875,0.0,1.0,0.0,1.0,0.0,0.0,0.0,1.0,0.0,0.0
3.0,1.0,16.0,2.0,0.0,18.0,2.0,0.0,0.0,1.0,0.0,0.0,1.0,0.0,0.0,0.0
3.0,1.0,40.5,0.0,2.0,14.5,2.0,0.0,0.0,1.0,0.0,0.0,1.0,0.0,0.0,0.0
3.0,0.0,31.0,0.0,0.0,7.8542,0.0,1.0,0.0,1.0,0.0,1.0,0.0,0.0,0.0,0.0
3.0,0.0,18.679377951360053,1.0,0.0,15.5,1.0,0.0,1.0,0.0,0.0,1.0,0.0,0.0,0.0,0.0
3.0,1.0,30.53046840472134,0.0,0.0,8.05,0.0,1.0,0.0,1.0,0.0,0.0,1.0,0.0,0.0,0.0
3.0,1.0,28.0,0.0,0.0,9.5,0.0,1.0,0.0,1.0,0.0,0.0,1.0,0.0,0.0,0.0
3.0,0.0,24.0,0.0,2.0,16.7,2.0,0.0,0.0,1.0,0.0,0.0,0.0,1.0,0.0,0.0
3.0,1.0,74.0,0.0,0.0,7.775,0.0,1.0,0.0,1.0,0.0,0.0,1.0,0.0,0.0,0.0
1.0,1.0,22.0,0.0,0.0,135.6333,0.0,0.0,0.0,0.0,0.0,0.0,1.0,0.0,0.0,0.0
1.0,0.0,44.0,0.0,1.0,57.9792,1.0,0.0,0.0,0.0,0.0,0.0,0.0,1.0,0.0,0.0
2.0,1.0,0.83,0.0,2.0,29.0,2.0,0.0,0.0,1.0,1.0,0.0,0.0,0.0,0.0,0.0
2.0,0.0,26.0,1.0,1.0,26.0,2.0,0.0,0.0,1.0,0.0,0.0,0.0,1.0,0.0,0.0
2.0,1.0,39.0,0.0,0.0,13.0,0.0,1.0,0.0,1.0,0.0,0.0,1.0,0.0,0.0,0.0
3.0,0.0,21.0,2.0,2.0,34.375,4.0,0.0,0.0,1.0,0.0,1.0,0.0,0.0,0.0,0.0
1.0,1.0,56.0,0.0,0.0,35.5,0.0,1.0,0.0,0.0,0.0,0.0,0.0,0.0,0.0,1.0
3.0,1.0,29.072240680955044,0.0,0.0,7.8958,0.0,1.0,0.0,0.0,0.0,0.0,1.0,0.0,0.0,0.0
3.0,1.0,30.53046840472134,0.0,0.0,8.05,0.0,1.0,0.0,1.0,0.0,0.0,1.0,0.0,0.0,0.0
2.0,0.0,29.0,1.0,0.0,26.0,1.0,0.0,0.0,1.0,0.0,0.0,0.0,1.0,0.0,0.0
1.0,0.0,36.0,0.0,2.0,71.0,2.0,0.0,0.0,1.0,0.0,1.0,0.0,0.0,0.0,0.0
2.0,0.0,17.0,0.0,0.0,12.0,0.0,1.0,0.0,0.0,0.0,1.0,0.0,0.0,0.0,0.0
3.0,1.0,33.845725273851826,0.0,0.0,7.75,0.0,1.0,1.0,0.0,0.0,0.0,1.0,0.0,0.0,0.0
1.0,0.0,41.873156559089715,1.0,0.0,52.0,1.0,0.0,0.0,1.0,0.0,0.0,0.0,1.0,0.0,0.0
2.0,1.0,50.0,0.0,0.0,13.0,0.0,1.0,0.0,1.0,0.0,0.0,1.0,0.0,0.0,0.0
3.0,1.0,32.0,0.0,0.0,7.925,0.0,1.0,0.0,1.0,0.0,0.0,1.0,0.0,0.0,0.0
3.0,1.0,30.533984614502888,0.0,0.0,7.25,0.0,1.0,0.0,1.0,0.0,0.0,1.0,0.0,0.0,0.0
3.0,1.0,25.0,0.0,0.0,7.05,0.0,1.0,0.0,1.0,0.0,0.0,1.0,0.0,0.0,0.0
2.0,1.0,24.0,0.0,0.0,13.0,0.0,1.0,0.0,1.0,0.0,0.0,1.0,0.0,0.0,0.0
3.0,1.0,50.0,0.0,0.0,8.05,0.0,1.0,0.0,1.0,0.0,0.0,1.0,0.0,0.0,0.0
3.0,0.0,19.0,1.0,0.0,7.8542,1.0,0.0,0.0,1.0,0.0,1.0,0.0,0.0,0.0,0.0
3.0,1.0,16.0,0.0,0.0,8.05,0.0,1.0,0.0,1.0,0.0,0.0,1.0,0.0,0.0,0.0
3.0,1.0,47.0,0.0,0.0,7.25,0.0,1.0,0.0,1.0,0.0,0.0,1.0,0.0,0.0,0.0
1.0,1.0,27.0,0.0,0.0,30.5,0.0,1.0,0.0,1.0,0.0,0.0,1.0,0.0,0.0,0.0
1.0,1.0,50.0,1.0,0.0,106.425,1.0,0.0,0.0,0.0,0.0,0.0,1.0,0.0,0.0,0.0
2.0,0.0,42.0,1.0,0.0,26.0,1.0,0.0,0.0,1.0,0.0,0.0,0.0,1.0,0.0,0.0
3.0,1.0,29.075170562755517,0.0,0.0,7.2292,0.0,1.0,0.0,0.0,0.0,0.0,1.0,0.0,0.0,0.0
2.0,1.0,25.0,0.0,0.0,13.0,0.0,1.0,0.0,1.0,0.0,0.0,1.0,0.0,0.0,0.0
1.0,1.0,40.0,0.0,0.0,27.7208,0.0,1.0,0.0,0.0,0.0,0.0,0.0,0.0,0.0,1.0
3.0,1.0,40.0,0.0,0.0,7.225,0.0,1.0,0.0,0.0,0.0,0.0,1.0,0.0,0.0,0.0
3.0,0.0,41.0,0.0,5.0,39.6875,5.0,0.0,0.0,1.0,0.0,0.0,0.0,1.0,0.0,0.0
1.0,1.0,4.0,0.0,2.0,81.8583,2.0,0.0,0.0,1.0,1.0,0.0,0.0,0.0,0.0,0.0
3.0,1.0,22.0,0.0,0.0,7.7958,0.0,1.0,0.0,1.0,0.0,0.0,1.0,0.0,0.0,0.0
3.0,1.0,30.0,0.0,0.0,8.05,0.0,1.0,0.0,1.0,0.0,0.0,1.0,0.0,0.0,0.0
3.0,1.0,32.0,0.0,0.0,7.925,0.0,1.0,0.0,1.0,0.0,0.0,1.0,0.0,0.0,0.0
2.0,0.0,41.0,0.0,1.0,19.5,1.0,0.0,0.0,1.0,0.0,0.0,0.0,1.0,0.0,0.0
1.0,0.0,17.0,1.0,0.0,57.0,1.0,0.0,0.0,1.0,0.0,0.0,0.0,1.0,0.0,0.0
3.0,0.0,24.0,0.0,3.0,19.2583,3.0,0.0,0.0,0.0,0.0,0.0,0.0,1.0,0.0,0.0
3.0,1.0,30.5,0.0,0.0,8.05,0.0,1.0,0.0,1.0,0.0,0.0,1.0,0.0,0.0,0.0
1.0,0.0,28.71109305726444,0.0,0.0,110.8833,0.0,0.0,0.0,0.0,0.0,1.0,0.0,0.0,0.0,0.0
1.0,1.0,27.0,0.0,2.0,211.5,2.0,0.0,0.0,0.0,0.0,0.0,1.0,0.0,0.0,0.0
2.0,1.0,70.0,0.0,0.0,10.5,0.0,1.0,0.0,1.0,0.0,0.0,1.0,0.0,0.0,0.0
1.0,1.0,21.0,0.0,1.0,77.2875,1.0,0.0,0.0,1.0,0.0,0.0,1.0,0.0,0.0,0.0
1.0,0.0,49.0,1.0,0.0,76.7292,1.0,0.0,0.0,0.0,0.0,0.0,0.0,1.0,0.0,0.0
3.0,0.0,24.212328989843957,0.0,0.0,7.7375,0.0,1.0,1.0,0.0,0.0,1.0,0.0,0.0,0.0,0.0
3.0,0.0,16.0,0.0,0.0,7.7333,0.0,1.0,1.0,0.0,0.0,1.0,0.0,0.0,0.0,0.0
3.0,1.0,19.0,0.0,0.0,8.05,0.0,1.0,0.0,1.0,0.0,0.0,1.0,0.0,0.0,0.0
3.0,0.0,21.0,1.0,0.0,9.825,1.0,0.0,0.0,1.0,0.0,1.0,0.0,0.0,0.0,0.0
1.0,0.0,30.0,0.0,0.0,106.425,0.0,0.0,0.0,0.0,0.0,1.0,0.0,0.0,0.0,0.0
3.0,1.0,33.845725273851826,0.0,0.0,7.75,0.0,1.0,1.0,0.0,0.0,0.0,1.0,0.0,0.0,0.0
1.0,1.0,23.0,0.0,1.0,63.3583,1.0,0.0,0.0,0.0,0.0,0.0,1.0,0.0,0.0,0.0
3.0,0.0,29.0,0.0,4.0,21.075,4.0,0.0,0.0,1.0,0.0,0.0,0.0,1.0,0.0,0.0
3.0,0.0,14.050428889761807,1.0,1.0,22.3583,2.0,0.0,0.0,0.0,0.0,1.0,0.0,0.0,0.0,0.0
3.0,1.0,20.0,0.0,0.0,4.0125,0.0,1.0,0.0,0.0,0.0,0.0,1.0,0.0,0.0,0.0
1.0,0.0,35.0,1.0,0.0,90.0,1.0,0.0,0.0,1.0,0.0,0.0,0.0,1.0,0.0,0.0
1.0,0.0,50.0,0.0,0.0,28.7125,0.0,1.0,0.0,0.0,0.0,1.0,0.0,0.0,0.0,0.0
3.0,0.0,28.091527181194074,1.0,0.0,16.1,1.0,0.0,0.0,1.0,0.0,0.0,0.0,1.0,0.0,0.0
1.0,1.0,47.0,0.0,0.0,52.0,0.0,0.0,0.0,1.0,0.0,0.0,1.0,0.0,0.0,0.0
3.0,1.0,36.0,0.0,0.0,7.4958,0.0,1.0,0.0,1.0,0.0,0.0,1.0,0.0,0.0,0.0
3.0,1.0,19.0,0.0,0.0,7.775,0.0,1.0,0.0,1.0,0.0,0.0,1.0,0.0,0.0,0.0
2.0,1.0,19.0,0.0,0.0,13.0,0.0,1.0,0.0,1.0,0.0,0.0,1.0,0.0,0.0,0.0
3.0,0.0,10.0,0.0,2.0,24.15,2.0,0.0,0.0,1.0,0.0,1.0,0.0,0.0,0.0,0.0
3.0,1.0,45.5,0.0,0.0,7.225,0.0,1.0,0.0,0.0,0.0,0.0,1.0,0.0,0.0,0.0
2.0,1.0,25.0,0.0,0.0,13.0,0.0,1.0,0.0,1.0,0.0,0.0,1.0,0.0,0.0,0.0
1.0,0.0,24.0,0.0,0.0,69.3,0.0,0.0,0.0,0.0,0.0,1.0,0.0,0.0,0.0,0.0
1.0,0.0,38.0,0.0,0.0,227.525,0.0,0.0,0.0,0.0,0.0,1.0,0.0,0.0,0.0,0.0
3.0,0.0,24.21234744994531,0.0,0.0,7.7333,0.0,1.0,1.0,0.0,0.0,1.0,0.0,0.0,0.0,0.0
3.0,1.0,30.0,0.0,0.0,8.05,0.0,1.0,0.0,1.0,0.0,0.0,1.0,0.0,0.0,0.0
2.0,0.0,8.0,0.0,2.0,26.25,2.0,0.0,0.0,1.0,0.0,1.0,0.0,0.0,0.0,0.0
3.0,1.0,39.0,0.0,0.0,7.925,0.0,1.0,0.0,1.0,0.0,0.0,1.0,0.0,0.0,0.0
2.0,1.0,59.0,0.0,0.0,13.5,0.0,1.0,0.0,1.0,0.0,0.0,1.0,0.0,0.0,0.0
3.0,1.0,25.0,1.0,0.0,7.775,1.0,0.0,0.0,1.0,0.0,0.0,1.0,0.0,0.0,0.0
2.0,0.0,34.0,0.0,1.0,23.0,1.0,0.0,0.0,1.0,0.0,0.0,0.0,1.0,0.0,0.0
1.0,0.0,43.0,0.0,1.0,211.3375,1.0,0.0,0.0,1.0,0.0,0.0,0.0,1.0,0.0,0.0
3.0,1.0,47.0,0.0,0.0,9.0,0.0,1.0,0.0,1.0,0.0,0.0,1.0,0.0,0.0,0.0
3.0,1.0,30.53046840472134,0.0,0.0,8.05,0.0,1.0,0.0,1.0,0.0,0.0,1.0,0.0,0.0,0.0
2.0,0.0,19.0,1.0,0.0,26.0,1.0,0.0,0.0,1.0,0.0,0.0,0.0,1.0,0.0,0.0
2.0,1.0,42.0,1.0,0.0,27.0,1.0,0.0,0.0,1.0,0.0,0.0,1.0,0.0,0.0,0.0
3.0,1.0,40.0,1.0,4.0,27.9,5.0,0.0,0.0,1.0,0.0,0.0,1.0,0.0,0.0,0.0
3.0,1.0,30.531146154156733,0.0,0.0,7.8958,0.0,1.0,0.0,1.0,0.0,0.0,1.0,0.0,0.0,0.0
1.0,1.0,51.0,0.0,0.0,26.55,0.0,1.0,0.0,1.0,0.0,0.0,1.0,0.0,0.0,0.0
3.0,1.0,22.0,0.0,0.0,9.35,0.0,1.0,0.0,1.0,0.0,0.0,1.0,0.0,0.0,0.0
3.0,0.0,31.0,1.0,0.0,18.0,1.0,0.0,0.0,1.0,0.0,0.0,0.0,1.0,0.0,0.0
1.0,1.0,44.391322384257485,0.0,0.0,25.925,0.0,1.0,0.0,1.0,0.0,0.0,1.0,0.0,0.0,0.0
2.0,1.0,36.0,0.0,0.0,12.875,0.0,1.0,0.0,0.0,0.0,0.0,1.0,0.0,0.0,0.0
3.0,0.0,9.0,4.0,2.0,31.275,6.0,0.0,0.0,1.0,0.0,1.0,0.0,0.0,0.0,0.0
2.0,1.0,46.0,0.0,0.0,26.0,0.0,0.0,0.0,1.0,0.0,0.0,1.0,0.0,0.0,0.0
3.0,0.0,31.0,1.0,1.0,20.525,2.0,0.0,0.0,1.0,0.0,0.0,0.0,1.0,0.0,0.0
2.0,1.0,25.0,1.0,2.0,41.5792,3.0,0.0,0.0,0.0,0.0,0.0,1.0,0.0,0.0,0.0
3.0,0.0,36.0,1.0,0.0,17.4,1.0,0.0,0.0,1.0,0.0,0.0,0.0,1.0,0.0,0.0
3.0,1.0,26.0,1.0,2.0,20.575,3.0,0.0,0.0,1.0,0.0,0.0,1.0,0.0,0.0,0.0
2.0,1.0,30.0,0.0,0.0,13.0,0.0,1.0,0.0,1.0,0.0,0.0,1.0,0.0,0.0,0.0
1.0,0.0,41.0,0.0,0.0,134.5,0.0,0.0,0.0,0.0,0.0,1.0,0.0,0.0,0.0,0.0
3.0,1.0,30.533984614502888,0.0,0.0,7.25,0.0,1.0,0.0,1.0,0.0,0.0,1.0,0.0,0.0,0.0
1.0,1.0,44.38857534536565,0.0,0.0,26.55,0.0,1.0,0.0,1.0,0.0,0.0,1.0,0.0,0.0,0.0
3.0,1.0,21.0,0.0,0.0,7.925,0.0,1.0,0.0,1.0,0.0,0.0,1.0,0.0,0.0,0.0
3.0,1.0,30.52777630660734,0.0,0.0,8.6625,0.0,1.0,0.0,1.0,0.0,0.0,1.0,0.0,0.0,0.0
2.0,1.0,28.0,0.0,0.0,10.5,0.0,1.0,0.0,1.0,0.0,0.0,1.0,0.0,0.0,0.0
3.0,1.0,22.0,0.0,0.0,8.05,0.0,1.0,0.0,1.0,0.0,0.0,1.0,0.0,0.0,0.0
3.0,1.0,29.075170562755517,0.0,0.0,7.2292,0.0,1.0,0.0,0.0,0.0,0.0,1.0,0.0,0.0,0.0
3.0,1.0,28.0,0.0,0.0,7.8958,0.0,1.0,0.0,1.0,0.0,0.0,1.0,0.0,0.0,0.0
3.0,0.0,45.0,0.0,1.0,14.4542,1.0,0.0,0.0,0.0,0.0,0.0,0.0,1.0,0.0,0.0
3.0,1.0,30.0,0.0,0.0,7.25,0.0,1.0,0.0,1.0,0.0,0.0,1.0,0.0,0.0,0.0
3.0,1.0,20.0,0.0,0.0,9.5,0.0,1.0,0.0,1.0,0.0,0.0,1.0,0.0,0.0,0.0
1.0,1.0,44.35143537954805,0.0,0.0,35.0,0.0,1.0,0.0,1.0,0.0,0.0,1.0,0.0,0.0,0.0
3.0,1.0,26.0,0.0,0.0,7.8958,0.0,1.0,0.0,1.0,0.0,0.0,1.0,0.0,0.0,0.0
2.0,1.0,54.0,1.0,0.0,26.0,1.0,0.0,0.0,1.0,0.0,0.0,0.0,0.0,1.0,0.0
3.0,1.0,28.0,0.0,0.0,7.7958,0.0,1.0,0.0,1.0,0.0,0.0,1.0,0.0,0.0,0.0
2.0,1.0,39.0,0.0,0.0,26.0,0.0,0.0,0.0,1.0,0.0,0.0,1.0,0.0,0.0,0.0
3.0,1.0,51.0,0.0,0.0,7.75,0.0,1.0,0.0,1.0,0.0,0.0,1.0,0.0,0.0,0.0
1.0,0.0,33.0,0.0,0.0,86.5,0.0,0.0,0.0,1.0,0.0,0.0,0.0,0.0,0.0,1.0
3.0,1.0,1.0,4.0,1.0,39.6875,5.0,0.0,0.0,1.0,1.0,0.0,0.0,0.0,0.0,0.0
3.0,0.0,13.0,0.0,0.0,7.2292,0.0,1.0,0.0,0.0,0.0,1.0,0.0,0.0,0.0,0.0
2.0,0.0,6.0,0.0,1.0,33.0,1.0,0.0,0.0,1.0,0.0,1.0,0.0,0.0,0.0,0.0
3.0,1.0,28.5,0.0,0.0,16.1,0.0,0.0,0.0,1.0,0.0,0.0,1.0,0.0,0.0,0.0
1.0,1.0,28.0,0.0,0.0,47.1,0.0,1.0,0.0,1.0,0.0,0.0,1.0,0.0,0.0,0.0
1.0,0.0,45.0,1.0,1.0,164.8667,2.0,0.0,0.0,1.0,0.0,0.0,0.0,1.0,0.0,0.0
1.0,1.0,42.92452389914867,0.0,0.0,27.7208,0.0,1.0,0.0,0.0,0.0,0.0,1.0,0.0,0.0,0.0
2.0,1.0,32.0,0.0,0.0,10.5,0.0,1.0,0.0,1.0,0.0,0.0,1.0,0.0,0.0,0.0
3.0,1.0,35.0,0.0,0.0,7.125,0.0,1.0,0.0,1.0,0.0,0.0,1.0,0.0,0.0,0.0
3.0,1.0,33.84924148363337,0.0,0.0,6.95,0.0,1.0,1.0,0.0,0.0,0.0,1.0,0.0,0.0,0.0
3.0,1.0,28.27481015788277,1.0,0.0,24.15,1.0,0.0,1.0,0.0,0.0,0.0,1.0,0.0,0.0,0.0
1.0,0.0,39.0,1.0,0.0,55.9,1.0,0.0,0.0,1.0,0.0,0.0,0.0,1.0,0.0,0.0
3.0,1.0,24.0,0.0,0.0,7.1417,0.0,1.0,0.0,1.0,0.0,0.0,1.0,0.0,0.0,0.0
2.0,0.0,30.0,0.0,0.0,13.0,0.0,1.0,0.0,1.0,0.0,1.0,0.0,0.0,0.0,0.0
1.0,0.0,38.0,1.0,0.0,71.2833,1.0,0.0,0.0,0.0,0.0,0.0,0.0,1.0,0.0,0.0
2.0,1.0,54.0,0.0,0.0,26.0,0.0,0.0,0.0,1.0,0.0,0.0,1.0,0.0,0.0,0.0
1.0,0.0,22.0,0.0,2.0,49.5,2.0,0.0,0.0,0.0,0.0,1.0,0.0,0.0,0.0,0.0
2.0,1.0,30.0,1.0,0.0,24.0,1.0,0.0,0.0,0.0,0.0,0.0,1.0,0.0,0.0,0.0
3.0,1.0,30.531146154156733,0.0,0.0,7.8958,0.0,1.0,0.0,1.0,0.0,0.0,1.0,0.0,0.0,0.0
3.0,1.0,4.0,4.0,1.0,29.125,5.0,0.0,1.0,0.0,1.0,0.0,0.0,0.0,0.0,0.0
2.0,0.0,18.0,0.0,2.0,13.0,2.0,0.0,0.0,1.0,0.0,1.0,0.0,0.0,0.0,0.0
2.0,1.0,31.0,0.0,0.0,13.0,0.0,1.0,0.0,1.0,0.0,0.0,1.0,0.0,0.0,0.0
1.0,1.0,48.0,0.0,0.0,26.55,0.0,1.0,0.0,1.0,0.0,0.0,1.0,0.0,0.0,0.0
3.0,1.0,24.0,0.0,0.0,9.5,0.0,1.0,0.0,1.0,0.0,0.0,1.0,0.0,0.0,0.0
3.0,0.0,28.0,1.0,1.0,14.4,2.0,0.0,0.0,1.0,0.0,0.0,0.0,1.0,0.0,0.0
3.0,0.0,26.0,0.0,0.0,7.8542,0.0,1.0,0.0,1.0,0.0,1.0,0.0,0.0,0.0,0.0
3.0,0.0,22.0,0.0,0.0,7.25,0.0,1.0,0.0,1.0,0.0,1.0,0.0,0.0,0.0,0.0
3.0,1.0,29.075170562755517,0.0,0.0,7.2292,0.0,1.0,0.0,0.0,0.0,0.0,1.0,0.0,0.0,0.0
3.0,0.0,18.0,0.0,0.0,7.4958,0.0,1.0,0.0,1.0,0.0,1.0,0.0,0.0,0.0,0.0
1.0,1.0,64.0,1.0,4.0,263.0,5.0,0.0,0.0,1.0,0.0,0.0,1.0,0.0,0.0,0.0
2.0,0.0,18.0,0.0,1.0,23.0,1.0,0.0,0.0,1.0,0.0,1.0,0.0,0.0,0.0,0.0
2.0,1.0,51.0,0.0,0.0,12.525,0.0,1.0,0.0,1.0,0.0,0.0,0.0,0.0,1.0,0.0
3.0,1.0,32.0,0.0,0.0,7.75,0.0,1.0,1.0,0.0,0.0,0.0,1.0,0.0,0.0,0.0
1.0,0.0,48.0,1.0,0.0,39.6,1.0,0.0,0.0,0.0,0.0,0.0,0.0,0.0,0.0,1.0
3.0,1.0,33.845725273851826,0.0,0.0,7.75,0.0,1.0,1.0,0.0,0.0,0.0,1.0,0.0,0.0,0.0
3.0,0.0,12.926923743264716,3.0,1.0,25.4667,4.0,0.0,0.0,1.0,0.0,1.0,0.0,0.0,0.0,0.0
3.0,1.0,19.0,0.0,0.0,6.75,0.0,1.0,1.0,0.0,0.0,0.0,1.0,0.0,0.0,0.0
2.0,0.0,50.0,0.0,0.0,10.5,0.0,1.0,0.0,1.0,0.0,1.0,0.0,0.0,0.0,0.0
3.0,1.0,16.0,0.0,0.0,7.775,0.0,1.0,0.0,1.0,0.0,0.0,1.0,0.0,0.0,0.0
3.0,1.0,33.0,0.0,0.0,7.8958,0.0,1.0,0.0,1.0,0.0,0.0,1.0,0.0,0.0,0.0
2.0,1.0,23.0,0.0,0.0,13.0,0.0,1.0,0.0,1.0,0.0,0.0,1.0,0.0,0.0,0.0
3.0,0.0,16.0,0.0,0.0,7.75,0.0,1.0,1.0,0.0,0.0,1.0,0.0,0.0,0.0,0.0
2.0,0.0,45.0,1.0,1.0,26.25,2.0,0.0,0.0,1.0,0.0,0.0,0.0,1.0,0.0,0.0
3.0,1.0,20.0,0.0,0.0,7.05,0.0,1.0,0.0,1.0,0.0,0.0,1.0,0.0,0.0,0.0
1.0,0.0,42.0,0.0,0.0,227.525,0.0,0.0,0.0,0.0,0.0,1.0,0.0,0.0,0.0,0.0
1.0,1.0,56.0,0.0,0.0,30.6958,0.0,1.0,0.0,0.0,0.0,0.0,1.0,0.0,0.0,0.0
3.0,0.0,28.237566489687513,0.0,2.0,22.3583,2.0,0.0,0.0,0.0,0.0,0.0,0.0,1.0,0.0,0.0
1.0,1.0,40.15455780630476,0.0,0.0,31.0,0.0,0.0,0.0,1.0,0.0,0.0,1.0,0.0,0.0,0.0
2.0,1.0,3.0,1.0,1.0,18.75,2.0,0.0,0.0,1.0,1.0,0.0,0.0,0.0,0.0,0.0
3.0,1.0,51.0,0.0,0.0,7.0542,0.0,1.0,0.0,1.0,0.0,0.0,1.0,0.0,0.0,0.0
2.0,0.0,32.5,0.0,0.0,13.0,0.0,1.0,0.0,1.0,0.0,1.0,0.0,0.0,0.0,0.0
3.0,1.0,16.0,0.0,0.0,9.2167,0.0,0.0,0.0,1.0,0.0,0.0,1.0,0.0,0.0,0.0
3.0,1.0,21.0,0.0,0.0,7.8,0.0,1.0,0.0,1.0,0.0,0.0,1.0,0.0,0.0,0.0
1.0,0.0,63.0,1.0,0.0,77.9583,1.0,0.0,0.0,1.0,0.0,1.0,0.0,0.0,0.0,0.0
3.0,0.0,6.4853338424514675,8.0,2.0,69.55,10.0,0.0,0.0,1.0,0.0,1.0,0.0,0.0,0.0,0.0
2.0,1.0,28.0,0.0,0.0,13.0,0.0,1.0,0.0,1.0,0.0,0.0,1.0,0.0,0.0,0.0
1.0,0.0,45.79353276876271,0.0,0.0,79.2,0.0,1.0,0.0,0.0,0.0,0.0,0.0,1.0,0.0,0.0
3.0,1.0,9.0,4.0,2.0,31.3875,6.0,0.0,0.0,1.0,1.0,0.0,0.0,0.0,0.0,0.0
3.0,0.0,26.0,1.0,0.0,16.1,1.0,0.0,0.0,1.0,0.0,0.0,0.0,1.0,0.0,0.0
3.0,0.0,24.21227404906612,0.0,0.0,7.75,0.0,1.0,1.0,0.0,0.0,1.0,0.0,0.0,0.0,0.0
3.0,1.0,18.0,0.0,0.0,7.775,0.0,1.0,0.0,1.0,0.0,0.0,1.0,0.0,0.0,0.0
3.0,0.0,13.911130752932891,1.0,0.0,14.4542,1.0,0.0,0.0,0.0,0.0,1.0,0.0,0.0,0.0,0.0
1.0,0.0,35.0,1.0,0.0,83.475,1.0,0.0,0.0,1.0,0.0,0.0,0.0,1.0,0.0,0.0
3.0,1.0,61.0,0.0,0.0,6.2375,0.0,1.0,0.0,1.0,0.0,0.0,1.0,0.0,0.0,0.0
2.0,0.0,50.0,0.0,0.0,10.5,0.0,1.0,0.0,1.0,0.0,1.0,0.0,0.0,0.0,0.0
3.0,1.0,38.0,0.0,0.0,7.05,0.0,1.0,0.0,1.0,0.0,0.0,1.0,0.0,0.0,0.0
3.0,1.0,17.0,0.0,0.0,8.6625,0.0,1.0,0.0,1.0,0.0,0.0,1.0,0.0,0.0,0.0
3.0,0.0,45.0,1.0,4.0,27.9,5.0,0.0,0.0,1.0,0.0,0.0,0.0,1.0,0.0,0.0
2.0,1.0,19.0,1.0,1.0,36.75,2.0,0.0,0.0,1.0,0.0,0.0,1.0,0.0,0.0,0.0
3.0,1.0,32.0,1.0,0.0,15.85,1.0,0.0,0.0,1.0,0.0,0.0,1.0,0.0,0.0,0.0
3.0,1.0,17.0,0.0,0.0,8.6625,0.0,1.0,0.0,1.0,0.0,0.0,1.0,0.0,0.0,0.0
3.0,1.0,40.0,1.0,1.0,15.5,2.0,0.0,1.0,0.0,0.0,0.0,1.0,0.0,0.0,0.0
3.0,1.0,16.118785067237166,8.0,2.0,69.55,10.0,0.0,0.0,1.0,0.0,0.0,1.0,0.0,0.0,0.0
2.0,0.0,48.0,1.0,2.0,65.0,3.0,0.0,0.0,1.0,0.0,0.0,0.0,1.0,0.0,0.0
3.0,1.0,30.0,0.0,0.0,7.2292,0.0,1.0,0.0,0.0,0.0,0.0,1.0,0.0,0.0,0.0
3.0,1.0,19.0,0.0,0.0,14.5,0.0,0.0,0.0,1.0,0.0,0.0,1.0,0.0,0.0,0.0
3.0,0.0,30.0,0.0,0.0,12.475,0.0,0.0,0.0,1.0,0.0,1.0,0.0,0.0,0.0,0.0
2.0,0.0,27.0,0.0,0.0,10.5,0.0,1.0,0.0,1.0,0.0,1.0,0.0,0.0,0.0,0.0
1.0,1.0,39.0,0.0,0.0,0.0,0.0,1.0,0.0,1.0,0.0,0.0,1.0,0.0,0.0,0.0
3.0,0.0,30.0,1.0,1.0,24.15,2.0,0.0,0.0,1.0,0.0,0.0,0.0,1.0,0.0,0.0
3.0,0.0,12.926923743264716,3.0,1.0,25.4667,4.0,0.0,0.0,1.0,0.0,1.0,0.0,0.0,0.0,0.0
3.0,1.0,19.0,0.0,0.0,10.1708,0.0,1.0,0.0,1.0,0.0,0.0,1.0,0.0,0.0,0.0
3.0,0.0,28.0,0.0,0.0,7.8958,0.0,1.0,0.0,1.0,0.0,1.0,0.0,0.0,0.0,0.0
1.0,0.0,26.0,0.0,0.0,78.85,0.0,0.0,0.0,1.0,0.0,1.0,0.0,0.0,0.0,0.0
3.0,1.0,30.530193700832154,0.0,0.0,8.1125,0.0,1.0,0.0,1.0,0.0,0.0,1.0,0.0,0.0,0.0
3.0,1.0,16.118785067237166,8.0,2.0,69.55,10.0,0.0,0.0,1.0,0.0,0.0,1.0,0.0,0.0,0.0
2.0,0.0,29.0,1.0,0.0,26.0,1.0,0.0,0.0,1.0,0.0,0.0,0.0,1.0,0.0,0.0
3.0,1.0,21.0,0.0,0.0,7.7958,0.0,1.0,0.0,1.0,0.0,0.0,1.0,0.0,0.0,0.0
2.0,1.0,21.0,1.0,0.0,11.5,1.0,0.0,0.0,1.0,0.0,0.0,1.0,0.0,0.0,0.0
1.0,1.0,26.0,0.0,0.0,30.0,0.0,1.0,0.0,0.0,0.0,0.0,1.0,0.0,0.0,0.0
3.0,0.0,29.0,1.0,1.0,10.4625,2.0,0.0,0.0,1.0,0.0,0.0,0.0,1.0,0.0,0.0
3.0,1.0,24.0,0.0,0.0,7.7958,0.0,1.0,0.0,1.0,0.0,0.0,1.0,0.0,0.0,0.0
1.0,1.0,40.06225729953912,0.0,0.0,52.0,0.0,0.0,0.0,1.0,0.0,0.0,1.0,0.0,0.0,0.0
3.0,1.0,25.0,0.0,0.0,0.0,0.0,0.0,0.0,1.0,0.0,0.0,1.0,0.0,0.0,0.0
3.0,0.0,19.0,0.0,0.0,7.8792,0.0,1.0,1.0,0.0,0.0,1.0,0.0,0.0,0.0,0.0
3.0,0.0,20.0,1.0,0.0,9.825,1.0,0.0,0.0,1.0,0.0,1.0,0.0,0.0,0.0,0.0
3.0,0.0,8.0,3.0,1.0,21.075,4.0,0.0,0.0,1.0,0.0,1.0,0.0,0.0,0.0,0.0
2.0,0.0,35.0,0.0,0.0,21.0,0.0,1.0,0.0,1.0,0.0,1.0,0.0,0.0,0.0,0.0
3.0,1.0,27.0,1.0,0.0,14.4542,1.0,0.0,0.0,0.0,0.0,0.0,1.0,0.0,0.0,0.0
3.0,1.0,28.0,0.0,0.0,56.4958,0.0,0.0,0.0,1.0,0.0,0.0,1.0,0.0,0.0,0.0
1.0,0.0,52.0,1.0,0.0,78.2667,1.0,0.0,0.0,0.0,0.0,0.0,0.0,1.0,0.0,0.0
1.0,1.0,31.0,0.0,0.0,50.4958,0.0,1.0,0.0,1.0,0.0,0.0,1.0,0.0,0.0,0.0
2.0,0.0,23.54260641114388,0.0,0.0,33.0,0.0,0.0,0.0,1.0,0.0,1.0,0.0,0.0,0.0,0.0
1.0,0.0,30.0,0.0,0.0,93.5,0.0,0.0,0.0,1.0,0.0,1.0,0.0,0.0,0.0,0.0
3.0,0.0,24.21227404906612,0.0,0.0,7.75,0.0,1.0,1.0,0.0,0.0,1.0,0.0,0.0,0.0,0.0
3.0,1.0,30.534863666948272,0.0,0.0,7.05,0.0,1.0,0.0,1.0,0.0,0.0,1.0,0.0,0.0,0.0
3.0,0.0,18.641358933097067,1.0,0.0,24.15,1.0,0.0,1.0,0.0,0.0,1.0,0.0,0.0,0.0,0.0
1.0,0.0,19.0,0.0,2.0,26.2833,2.0,0.0,0.0,1.0,0.0,1.0,0.0,0.0,0.0,0.0
3.0,0.0,17.360940475805016,2.0,0.0,23.25,2.0,0.0,1.0,0.0,0.0,1.0,0.0,0.0,0.0,0.0
3.0,1.0,51.0,0.0,0.0,8.05,0.0,1.0,0.0,1.0,0.0,0.0,1.0,0.0,0.0,0.0
3.0,0.0,24.2117061811864,0.0,0.0,7.8792,0.0,1.0,1.0,0.0,0.0,1.0,0.0,0.0,0.0,0.0
3.0,1.0,22.0,0.0,0.0,7.8958,0.0,1.0,0.0,1.0,0.0,0.0,1.0,0.0,0.0,0.0
1.0,1.0,44.34923774843458,0.0,0.0,35.5,0.0,1.0,0.0,1.0,0.0,0.0,1.0,0.0,0.0,0.0
3.0,1.0,4.0,1.0,1.0,11.1333,2.0,0.0,0.0,1.0,1.0,0.0,0.0,0.0,0.0,0.0
3.0,1.0,25.0,0.0,0.0,7.25,0.0,1.0,0.0,1.0,0.0,0.0,1.0,0.0,0.0,0.0
3.0,1.0,27.0,0.0,0.0,6.975,0.0,1.0,0.0,1.0,0.0,0.0,1.0,0.0,0.0,0.0
3.0,1.0,22.228452014832698,2.0,0.0,21.6792,2.0,0.0,0.0,0.0,0.0,0.0,1.0,0.0,0.0,0.0
3.0,0.0,18.0,0.0,0.0,7.775,0.0,1.0,0.0,1.0,0.0,1.0,0.0,0.0,0.0,0.0
1.0,1.0,33.0,0.0,0.0,5.0,0.0,1.0,0.0,1.0,0.0,0.0,1.0,0.0,0.0,0.0
3.0,0.0,2.0,3.0,2.0,27.9,5.0,0.0,0.0,1.0,0.0,1.0,0.0,0.0,0.0,0.0
1.0,1.0,64.0,0.0,0.0,26.0,0.0,1.0,0.0,1.0,0.0,0.0,1.0,0.0,0.0,0.0
3.0,1.0,29.0,1.0,0.0,7.0458,1.0,0.0,0.0,1.0,0.0,0.0,1.0,0.0,0.0,0.0
2.0,1.0,36.015725115746896,0.0,0.0,13.8625,0.0,1.0,0.0,0.0,0.0,0.0,1.0,0.0,0.0,0.0
3.0,1.0,4.0,3.0,2.0,27.9,5.0,0.0,0.0,1.0,1.0,0.0,0.0,0.0,0.0,0.0
2.0,1.0,33.32110128941844,0.0,0.0,0.0,0.0,0.0,0.0,1.0,0.0,0.0,1.0,0.0,0.0,0.0
3.0,1.0,30.531146154156733,0.0,0.0,7.8958,0.0,1.0,0.0,1.0,0.0,0.0,1.0,0.0,0.0,0.0
3.0,1.0,21.0,0.0,0.0,8.6625,0.0,1.0,0.0,1.0,0.0,0.0,1.0,0.0,0.0,0.0
2.0,0.0,30.0,0.0,0.0,12.35,0.0,1.0,1.0,0.0,0.0,1.0,0.0,0.0,0.0,0.0
3.0,1.0,24.979258567894302,1.0,0.0,19.9667,1.0,0.0,0.0,1.0,0.0,0.0,1.0,0.0,0.0,0.0
3.0,0.0,4.0,0.0,1.0,13.4167,1.0,0.0,0.0,0.0,0.0,1.0,0.0,0.0,0.0,0.0
2.0,1.0,24.0,0.0,0.0,10.5,0.0,1.0,0.0,1.0,0.0,0.0,1.0,0.0,0.0,0.0
3.0,1.0,30.531146154156733,0.0,0.0,7.8958,0.0,1.0,0.0,1.0,0.0,0.0,1.0,0.0,0.0,0.0
1.0,1.0,37.83187342395464,0.0,0.0,227.525,0.0,0.0,0.0,0.0,0.0,0.0,1.0,0.0,0.0,0.0
1.0,1.0,47.0,0.0,0.0,38.5,0.0,1.0,0.0,1.0,0.0,0.0,1.0,0.0,0.0,0.0
3.0,1.0,18.0,1.0,1.0,20.2125,2.0,0.0,0.0,1.0,0.0,0.0,1.0,0.0,0.0,0.0
3.0,1.0,25.0,0.0,0.0,7.05,0.0,1.0,0.0,1.0,0.0,0.0,1.0,0.0,0.0,0.0
2.0,0.0,31.161765488743523,0.0,0.0,12.35,0.0,1.0,1.0,0.0,0.0,1.0,0.0,0.0,0.0,0.0
3.0,1.0,8.0,4.0,1.0,29.125,5.0,0.0,1.0,0.0,1.0,0.0,0.0,0.0,0.0,0.0
1.0,0.0,15.0,0.0,1.0,211.3375,1.0,0.0,0.0,1.0,0.0,1.0,0.0,0.0,0.0,0.0
2.0,1.0,30.0,0.0,0.0,10.5,0.0,1.0,0.0,1.0,0.0,0.0,1.0,0.0,0.0,0.0
3.0,1.0,25.312026008972886,1.0,2.0,23.45,3.0,0.0,0.0,1.0,0.0,0.0,1.0,0.0,0.0,0.0
3.0,1.0,23.5,0.0,0.0,7.2292,0.0,1.0,0.0,0.0,0.0,0.0,1.0,0.0,0.0,0.0
2.0,1.0,34.0,0.0,0.0,13.0,0.0,1.0,0.0,1.0,0.0,0.0,1.0,0.0,0.0,0.0
3.0,1.0,29.072240680955044,0.0,0.0,7.8958,0.0,1.0,0.0,0.0,0.0,0.0,1.0,0.0,0.0,0.0
1.0,0.0,36.0,0.0,0.0,135.6333,0.0,0.0,0.0,0.0,0.0,1.0,0.0,0.0,0.0,0.0
2.0,0.0,24.0,0.0,0.0,13.0,0.0,1.0,0.0,1.0,0.0,1.0,0.0,0.0,0.0,0.0
2.0,1.0,36.0,1.0,2.0,27.75,3.0,0.0,0.0,1.0,0.0,0.0,1.0,0.0,0.0,0.0
1.0,1.0,37.0,1.0,0.0,53.1,1.0,0.0,0.0,1.0,0.0,0.0,1.0,0.0,0.0,0.0
1.0,1.0,45.0,0.0,0.0,26.55,0.0,1.0,0.0,1.0,0.0,0.0,0.0,0.0,0.0,1.0
3.0,1.0,44.0,0.0,0.0,8.05,0.0,1.0,0.0,1.0,0.0,0.0,1.0,0.0,0.0,0.0
3.0,1.0,19.0,0.0,0.0,7.8958,0.0,1.0,0.0,1.0,0.0,0.0,1.0,0.0,0.0,0.0
3.0,1.0,26.0,0.0,0.0,7.8958,0.0,1.0,0.0,1.0,0.0,0.0,1.0,0.0,0.0,0.0
3.0,1.0,22.0,0.0,0.0,7.25,0.0,1.0,0.0,1.0,0.0,0.0,1.0,0.0,0.0,0.0
3.0,1.0,41.0,2.0,0.0,14.1083,2.0,0.0,0.0,1.0,0.0,0.0,1.0,0.0,0.0,0.0
1.0,0.0,39.0,1.0,1.0,83.1583,2.0,0.0,0.0,0.0,0.0,1.0,0.0,0.0,0.0,0.0
3.0,0.0,27.0,0.0,1.0,12.475,1.0,0.0,0.0,1.0,0.0,0.0,0.0,1.0,0.0,0.0
1.0,1.0,18.0,1.0,0.0,108.9,1.0,0.0,0.0,0.0,0.0,0.0,1.0,0.0,0.0,0.0
2.0,1.0,34.0,0.0,0.0,13.0,0.0,1.0,0.0,1.0,0.0,0.0,1.0,0.0,0.0,0.0
3.0,1.0,29.0,0.0,0.0,7.775,0.0,1.0,0.0,1.0,0.0,0.0,1.0,0.0,0.0,0.0
2.0,1.0,34.0,1.0,0.0,21.0,1.0,0.0,0.0,1.0,0.0,0.0,1.0,0.0,0.0,0.0
3.0,1.0,29.075170562755517,0.0,0.0,7.2292,0.0,1.0,0.0,0.0,0.0,0.0,1.0,0.0,0.0,0.0
2.0,1.0,54.0,0.0,0.0,14.0,0.0,1.0,0.0,1.0,0.0,0.0,0.0,0.0,0.0,0.0
2.0,1.0,1.0,2.0,1.0,39.0,3.0,0.0,0.0,1.0,1.0,0.0,0.0,0.0,0.0,0.0
3.0,1.0,20.0,0.0,0.0,7.2292,0.0,1.0,0.0,0.0,0.0,0.0,1.0,0.0,0.0,0.0
3.0,1.0,26.287660341206575,0.0,0.0,14.5,0.0,0.0,0.0,1.0,0.0,0.0,1.0,0.0,0.0,0.0
3.0,1.0,25.0,0.0,0.0,7.225,0.0,1.0,0.0,0.0,0.0,0.0,1.0,0.0,0.0,0.0
1.0,0.0,40.0,0.0,0.0,153.4625,0.0,0.0,0.0,1.0,0.0,1.0,0.0,0.0,0.0,0.0
2.0,1.0,57.0,0.0,0.0,12.35,0.0,1.0,1.0,0.0,0.0,0.0,0.0,0.0,1.0,0.0
3.0,0.0,12.926923743264716,3.0,1.0,25.4667,4.0,0.0,0.0,1.0,0.0,1.0,0.0,0.0,0.0,0.0
3.0,1.0,7.0,4.0,1.0,29.125,5.0,0.0,1.0,0.0,1.0,0.0,0.0,0.0,0.0,0.0
1.0,1.0,80.0,0.0,0.0,30.0,0.0,1.0,0.0,1.0,0.0,0.0,1.0,0.0,0.0,0.0
2.0,1.0,35.0,0.0,0.0,26.0,0.0,0.0,0.0,1.0,0.0,0.0,1.0,0.0,0.0,0.0
1.0,1.0,61.0,0.0,0.0,33.5,0.0,1.0,0.0,1.0,0.0,0.0,1.0,0.0,0.0,0.0
3.0,1.0,26.0,0.0,0.0,8.05,0.0,1.0,0.0,1.0,0.0,0.0,1.0,0.0,0.0,0.0
3.0,1.0,26.10307778777665,0.0,0.0,56.4958,0.0,0.0,0.0,1.0,0.0,0.0,1.0,0.0,0.0,0.0
3.0,1.0,19.0,0.0,0.0,7.8958,0.0,1.0,0.0,1.0,0.0,0.0,1.0,0.0,0.0,0.0
3.0,1.0,2.1961464668303776,3.0,1.0,25.4667,4.0,0.0,0.0,1.0,1.0,0.0,0.0,0.0,0.0,0.0
2.0,0.0,36.0,0.0,0.0,13.0,0.0,1.0,0.0,1.0,0.0,0.0,0.0,1.0,0.0,0.0
2.0,0.0,45.0,0.0,0.0,13.5,0.0,1.0,0.0,1.0,0.0,0.0,0.0,1.0,0.0,0.0
3.0,0.0,24.21227404906612,0.0,0.0,7.75,0.0,1.0,1.0,0.0,0.0,1.0,0.0,0.0,0.0,0.0
3.0,1.0,30.533984614502888,0.0,0.0,7.25,0.0,1.0,0.0,1.0,0.0,0.0,1.0,0.0,0.0,0.0
2.0,0.0,25.0,0.0,1.0,26.0,1.0,0.0,0.0,1.0,0.0,0.0,0.0,1.0,0.0,0.0
1.0,1.0,60.0,0.0,0.0,26.55,0.0,1.0,0.0,1.0,0.0,0.0,0.0,0.0,0.0,1.0
3.0,1.0,16.0,4.0,1.0,39.6875,5.0,0.0,0.0,1.0,0.0,0.0,1.0,0.0,0.0,0.0
2.0,0.0,24.0,1.0,2.0,65.0,3.0,0.0,0.0,1.0,0.0,1.0,0.0,0.0,0.0,0.0
2.0,1.0,37.53555991156948,0.0,0.0,0.0,0.0,1.0,0.0,1.0,0.0,0.0,1.0,0.0,0.0,0.0
1.0,1.0,55.0,0.0,0.0,30.5,0.0,1.0,0.0,1.0,0.0,0.0,1.0,0.0,0.0,0.0
3.0,1.0,33.0,0.0,0.0,7.8958,0.0,1.0,0.0,0.0,0.0,0.0,1.0,0.0,0.0,0.0
3.0,1.0,45.0,0.0,0.0,8.05,0.0,1.0,0.0,1.0,0.0,0.0,1.0,0.0,0.0,0.0
3.0,1.0,34.0,0.0,0.0,8.05,0.0,1.0,0.0,1.0,0.0,0.0,1.0,0.0,0.0,0.0
3.0,1.0,9.0,1.0,1.0,15.9,2.0,0.0,0.0,1.0,1.0,0.0,0.0,0.0,0.0,0.0
1.0,1.0,36.0,0.0,0.0,26.3875,0.0,1.0,0.0,1.0,0.0,0.0,1.0,0.0,0.0,0.0
3.0,1.0,30.0,0.0,0.0,7.8958,0.0,1.0,0.0,1.0,0.0,0.0,1.0,0.0,0.0,0.0
2.0,1.0,3.0,1.0,1.0,26.0,2.0,0.0,0.0,1.0,1.0,0.0,0.0,0.0,0.0,0.0
3.0,0.0,28.26882779227659,0.0,2.0,15.2458,2.0,0.0,0.0,0.0,0.0,0.0,0.0,1.0,0.0,0.0
2.0,0.0,34.0,1.0,1.0,32.5,2.0,0.0,0.0,1.0,0.0,0.0,0.0,1.0,0.0,0.0
1.0,1.0,50.0,2.0,0.0,133.65,2.0,0.0,0.0,1.0,0.0,0.0,0.0,0.0,0.0,0.0
2.0,1.0,34.0,1.0,0.0,21.0,1.0,0.0,0.0,1.0,0.0,0.0,1.0,0.0,0.0,0.0
2.0,1.0,52.0,0.0,0.0,13.0,0.0,0.0,0.0,1.0,0.0,0.0,1.0,0.0,0.0,0.0
3.0,1.0,55.5,0.0,0.0,8.05,0.0,1.0,0.0,1.0,0.0,0.0,1.0,0.0,0.0,0.0
2.0,0.0,31.0,1.0,1.0,26.25,2.0,0.0,0.0,1.0,0.0,0.0,0.0,1.0,0.0,0.0
3.0,0.0,4.0,1.0,1.0,16.7,2.0,0.0,0.0,1.0,0.0,1.0,0.0,0.0,0.0,0.0
1.0,0.0,35.0,0.0,0.0,135.6333,0.0,0.0,0.0,1.0,0.0,1.0,0.0,0.0,0.0,0.0
1.0,1.0,71.0,0.0,0.0,34.6542,0.0,1.0,0.0,0.0,0.0,0.0,1.0,0.0,0.0,0.0
3.0,1.0,24.0,0.0,0.0,7.05,0.0,1.0,0.0,1.0,0.0,0.0,1.0,0.0,0.0,0.0
1.0,0.0,56.0,0.0,1.0,83.1583,1.0,0.0,0.0,0.0,0.0,0.0,0.0,1.0,0.0,0.0
3.0,1.0,33.0,0.0,0.0,9.5,0.0,1.0,0.0,1.0,0.0,0.0,1.0,0.0,0.0,0.0
3.0,1.0,32.0,0.0,0.0,7.8542,0.0,1.0,0.0,1.0,0.0,0.0,1.0,0.0,0.0,0.0
3.0,1.0,33.0,1.0,1.0,20.525,2.0,0.0,0.0,1.0,0.0,0.0,1.0,0.0,0.0,0.0
3.0,1.0,34.5,0.0,0.0,6.4375,0.0,1.0,0.0,0.0,0.0,0.0,1.0,0.0,0.0,0.0
3.0,1.0,17.0,1.0,1.0,7.2292,2.0,0.0,0.0,0.0,0.0,0.0,1.0,0.0,0.0,0.0
3.0,1.0,18.0,0.0,0.0,8.3,0.0,1.0,0.0,1.0,0.0,0.0,1.0,0.0,0.0,0.0
1.0,1.0,38.0,0.0,1.0,153.4625,1.0,0.0,0.0,1.0,0.0,0.0,1.0,0.0,0.0,0.0
3.0,1.0,25.0,0.0,0.0,7.65,0.0,1.0,0.0,1.0,0.0,0.0,1.0,0.0,0.0,0.0
1.0,1.0,48.0,1.0,0.0,52.0,1.0,0.0,0.0,1.0,0.0,0.0,1.0,0.0,0.0,0.0
3.0,1.0,30.53046840472134,0.0,0.0,8.05,0.0,1.0,0.0,1.0,0.0,0.0,1.0,0.0,0.0,0.0
1.0,1.0,40.0,0.0,0.0,0.0,0.0,1.0,0.0,1.0,0.0,0.0,1.0,0.0,0.0,0.0
2.0,1.0,27.0,0.0,0.0,13.0,0.0,1.0,0.0,1.0,0.0,0.0,0.0,0.0,1.0,0.0
2.0,1.0,42.0,0.0,0.0,13.0,0.0,1.0,0.0,1.0,0.0,0.0,0.0,0.0,1.0,0.0
3.0,1.0,23.0,0.0,0.0,7.8542,0.0,1.0,0.0,1.0,0.0,0.0,1.0,0.0,0.0,0.0
3.0,1.0,24.0,0.0,0.0,7.4958,0.0,1.0,0.0,1.0,0.0,0.0,1.0,0.0,0.0,0.0
3.0,1.0,20.0,0.0,0.0,7.925,0.0,1.0,0.0,1.0,0.0,0.0,1.0,0.0,0.0,0.0
3.0,0.0,0.75,2.0,1.0,19.2583,3.0,0.0,0.0,0.0,0.0,1.0,0.0,0.0,0.0,0.0
3.0,0.0,20.897017179935638,0.0,0.0,8.05,0.0,1.0,0.0,1.0,0.0,1.0,0.0,0.0,0.0,0.0
2.0,0.0,54.0,1.0,3.0,23.0,4.0,0.0,0.0,1.0,0.0,0.0,0.0,1.0,0.0,0.0
3.0,1.0,34.0,0.0,0.0,8.05,0.0,1.0,0.0,1.0,0.0,0.0,1.0,0.0,0.0,0.0
3.0,1.0,30.0,1.0,0.0,16.1,1.0,0.0,0.0,1.0,0.0,0.0,1.0,0.0,0.0,0.0
3.0,1.0,48.0,0.0,0.0,7.8542,0.0,1.0,0.0,1.0,0.0,0.0,1.0,0.0,0.0,0.0
1.0,0.0,24.0,0.0,0.0,69.3,0.0,0.0,0.0,0.0,0.0,0.0,0.0,1.0,0.0,0.0
3.0,1.0,27.0,0.0,0.0,7.8958,0.0,1.0,0.0,1.0,0.0,0.0,1.0,0.0,0.0,0.0
2.0,1.0,52.0,0.0,0.0,13.5,0.0,1.0,0.0,1.0,0.0,0.0,1.0,0.0,0.0,0.0
1.0,0.0,22.0,1.0,0.0,66.6,1.0,0.0,0.0,1.0,0.0,0.0,0.0,1.0,0.0,0.0
1.0,0.0,40.251168397167376,1.0,0.0,89.1042,1.0,0.0,0.0,0.0,0.0,0.0,0.0,1.0,0.0,0.0
3.0,1.0,19.0,0.0,0.0,0.0,0.0,0.0,0.0,1.0,0.0,0.0,1.0,0.0,0.0,0.0
2.0,0.0,32.0,0.0,0.0,13.0,0.0,1.0,0.0,1.0,0.0,0.0,0.0,1.0,0.0,0.0
2.0,1.0,47.0,0.0,0.0,15.0,0.0,1.0,0.0,1.0,0.0,0.0,1.0,0.0,0.0,0.0
3.0,1.0,3.0,1.0,1.0,15.9,2.0,0.0,0.0,1.0,1.0,0.0,0.0,0.0,0.0,0.0
3.0,1.0,22.0,0.0,0.0,7.125,0.0,1.0,0.0,1.0,0.0,0.0,1.0,0.0,0.0,0.0
1.0,1.0,42.91144799402353,0.0,0.0,30.6958,0.0,1.0,0.0,0.0,0.0,0.0,1.0,0.0,0.0,0.0
3.0,1.0,30.53046840472134,0.0,0.0,8.05,0.0,1.0,0.0,1.0,0.0,0.0,1.0,0.0,0.0,0.0
3.0,1.0,6.0,0.0,1.0,12.475,1.0,0.0,0.0,1.0,1.0,0.0,0.0,0.0,0.0,0.0
2.0,1.0,24.0,2.0,0.0,73.5,2.0,0.0,0.0,1.0,0.0,0.0,1.0,0.0,0.0,0.0
2.0,1.0,35.0,0.0,0.0,10.5,0.0,1.0,0.0,1.0,0.0,0.0,1.0,0.0,0.0,0.0
3.0,1.0,33.845780214629656,0.0,0.0,7.7375,0.0,1.0,1.0,0.0,0.0,0.0,1.0,0.0,0.0,0.0
2.0,1.0,30.0,0.0,0.0,13.0,0.0,1.0,0.0,1.0,0.0,0.0,1.0,0.0,0.0,0.0
2.0,1.0,42.0,0.0,0.0,13.0,0.0,1.0,0.0,1.0,0.0,0.0,1.0,0.0,0.0,0.0
3.0,1.0,30.532666035834808,0.0,0.0,7.55,0.0,1.0,0.0,1.0,0.0,0.0,1.0,0.0,0.0,0.0
1.0,0.0,43.318383694702035,0.0,1.0,55.0,1.0,0.0,0.0,1.0,0.0,0.0,0.0,1.0,0.0,0.0
3.0,1.0,36.0,1.0,1.0,24.15,2.0,0.0,0.0,1.0,0.0,0.0,1.0,0.0,0.0,0.0
3.0,1.0,32.0,0.0,0.0,56.4958,0.0,0.0,0.0,1.0,0.0,0.0,1.0,0.0,0.0,0.0
1.0,1.0,51.0,0.0,1.0,61.3792,1.0,0.0,0.0,0.0,0.0,0.0,1.0,0.0,0.0,0.0
1.0,0.0,22.0,0.0,1.0,55.0,1.0,0.0,0.0,1.0,0.0,1.0,0.0,0.0,0.0,0.0
3.0,0.0,1.0,0.0,2.0,15.7417,2.0,0.0,0.0,0.0,0.0,1.0,0.0,0.0,0.0,0.0
3.0,0.0,35.0,1.0,1.0,20.25,2.0,0.0,0.0,1.0,0.0,0.0,0.0,1.0,0.0,0.0
3.0,1.0,33.845725273851826,0.0,0.0,7.75,0.0,1.0,1.0,0.0,0.0,0.0,1.0,0.0,0.0,0.0
1.0,1.0,42.0,0.0,0.0,26.2875,0.0,1.0,0.0,1.0,0.0,0.0,1.0,0.0,0.0,0.0
3.0,0.0,5.0,0.0,0.0,12.475,0.0,0.0,0.0,1.0,0.0,1.0,0.0,0.0,0.0,0.0
3.0,0.0,15.0,0.0,0.0,8.0292,0.0,1.0,1.0,0.0,0.0,1.0,0.0,0.0,0.0,0.0
3.0,1.0,34.0,1.0,1.0,14.4,2.0,0.0,0.0,1.0,0.0,0.0,1.0,0.0,0.0,0.0
2.0,1.0,32.0,2.0,0.0,73.5,2.0,0.0,0.0,1.0,0.0,0.0,1.0,0.0,0.0,0.0
3.0,1.0,16.0,0.0,0.0,9.5,0.0,1.0,0.0,1.0,0.0,0.0,1.0,0.0,0.0,0.0
3.0,1.0,38.0,0.0,0.0,8.6625,0.0,1.0,0.0,1.0,0.0,0.0,1.0,0.0,0.0,0.0
3.0,1.0,30.531146154156733,0.0,0.0,7.8958,0.0,1.0,0.0,1.0,0.0,0.0,1.0,0.0,0.0,0.0
3.0,0.0,32.1704440156024,0.0,0.0,7.2292,0.0,1.0,0.0,0.0,0.0,0.0,0.0,1.0,0.0,0.0
3.0,0.0,38.0,1.0,5.0,31.3875,6.0,0.0,0.0,1.0,0.0,0.0,0.0,1.0,0.0,0.0
3.0,1.0,33.845725273851826,0.0,0.0,7.75,0.0,1.0,1.0,0.0,0.0,0.0,1.0,0.0,0.0,0.0
1.0,1.0,42.92452389914867,0.0,0.0,27.7208,0.0,1.0,0.0,0.0,0.0,0.0,1.0,0.0,0.0,0.0
2.0,0.0,55.0,0.0,0.0,16.0,0.0,1.0,0.0,1.0,0.0,0.0,0.0,1.0,0.0,0.0
2.0,1.0,33.32110128941844,0.0,0.0,0.0,0.0,0.0,0.0,1.0,0.0,0.0,1.0,0.0,0.0,0.0
1.0,0.0,2.0,1.0,2.0,151.55,3.0,0.0,0.0,1.0,0.0,1.0,0.0,0.0,0.0,0.0
1.0,1.0,42.0,1.0,0.0,52.5542,1.0,0.0,0.0,1.0,0.0,0.0,1.0,0.0,0.0,0.0
1.0,1.0,29.0,1.0,0.0,66.6,1.0,0.0,0.0,1.0,0.0,0.0,1.0,0.0,0.0,0.0
1.0,0.0,52.0,1.0,1.0,93.5,2.0,0.0,0.0,1.0,0.0,0.0,0.0,1.0,0.0,0.0
3.0,1.0,29.075189022856872,0.0,0.0,7.225,0.0,1.0,0.0,0.0,0.0,0.0,1.0,0.0,0.0,0.0
3.0,1.0,22.0,0.0,0.0,8.05,0.0,1.0,0.0,1.0,0.0,0.0,1.0,0.0,0.0,0.0
2.0,0.0,3.0,1.0,2.0,41.5792,3.0,0.0,0.0,0.0,0.0,1.0,0.0,0.0,0.0,0.0
3.0,1.0,30.499481806021446,0.0,0.0,15.1,0.0,1.0,0.0,1.0,0.0,0.0,1.0,0.0,0.0,0.0
3.0,0.0,6.4853338424514675,8.0,2.0,69.55,10.0,0.0,0.0,1.0,0.0,1.0,0.0,0.0,0.0,0.0
1.0,1.0,47.0,0.0,0.0,34.0208,0.0,1.0,0.0,1.0,0.0,0.0,1.0,0.0,0.0,0.0
2.0,0.0,44.0,1.0,0.0,26.0,1.0,0.0,0.0,1.0,0.0,0.0,0.0,1.0,0.0,0.0
3.0,1.0,40.0,0.0,0.0,7.8958,0.0,1.0,0.0,1.0,0.0,0.0,1.0,0.0,0.0,0.0
3.0,1.0,30.53046840472134,0.0,0.0,8.05,0.0,1.0,0.0,1.0,0.0,0.0,1.0,0.0,0.0,0.0
2.0,0.0,36.0,0.0,0.0,13.0,0.0,1.0,0.0,1.0,0.0,1.0,0.0,0.0,0.0,0.0
3.0,0.0,16.0,5.0,2.0,46.9,7.0,0.0,0.0,1.0,0.0,1.0,0.0,0.0,0.0,0.0
3.0,0.0,11.0,4.0,2.0,31.275,6.0,0.0,0.0,1.0,0.0,1.0,0.0,0.0,0.0,0.0
1.0,1.0,65.0,0.0,0.0,26.55,0.0,1.0,0.0,1.0,0.0,0.0,1.0,0.0,0.0,0.0
1.0,1.0,44.505269557490784,0.0,0.0,0.0,0.0,1.0,0.0,1.0,0.0,0.0,1.0,0.0,0.0,0.0
3.0,0.0,28.091527181194074,1.0,0.0,16.1,1.0,0.0,0.0,1.0,0.0,0.0,0.0,1.0,0.0,0.0
1.0,0.0,21.0,0.0,0.0,77.9583,0.0,0.0,0.0,1.0,0.0,1.0,0.0,0.0,0.0,0.0
3.0,0.0,24.211925944297747,0.0,0.0,7.8292,0.0,1.0,1.0,0.0,0.0,1.0,0.0,0.0,0.0,0.0
2.0,1.0,25.0,1.0,0.0,26.0,1.0,0.0,0.0,1.0,0.0,0.0,1.0,0.0,0.0,0.0
3.0,0.0,24.21227404906612,0.0,0.0,7.75,0.0,1.0,1.0,0.0,0.0,1.0,0.0,0.0,0.0,0.0
1.0,1.0,40.0,0.0,0.0,31.0,0.0,1.0,0.0,0.0,0.0,0.0,1.0,0.0,0.0,0.0
2.0,0.0,24.0,1.0,0.0,26.0,1.0,0.0,0.0,1.0,0.0,0.0,0.0,1.0,0.0,0.0
1.0,0.0,54.0,1.0,0.0,59.4,1.0,0.0,0.0,0.0,0.0,0.0,0.0,1.0,0.0,0.0
3.0,1.0,28.0,0.0,0.0,7.8958,0.0,1.0,0.0,1.0,0.0,0.0,1.0,0.0,0.0,0.0
3.0,0.0,30.0,0.0,0.0,8.6625,0.0,1.0,0.0,1.0,0.0,1.0,0.0,0.0,0.0,0.0
1.0,0.0,62.0,0.0,0.0,80.0,0.0,0.0,0.0,1.0,0.0,0.0,0.0,1.0,0.0,0.0
1.0,0.0,40.0,1.0,1.0,134.5,2.0,0.0,0.0,0.0,0.0,0.0,0.0,1.0,0.0,0.0
3.0,1.0,2.0,3.0,1.0,21.075,4.0,0.0,0.0,1.0,1.0,0.0,0.0,0.0,0.0,0.0
1.0,0.0,23.0,1.0,0.0,113.275,1.0,0.0,0.0,0.0,0.0,1.0,0.0,0.0,0.0,0.0
3.0,0.0,22.0,0.0,0.0,7.75,0.0,1.0,0.0,1.0,0.0,1.0,0.0,0.0,0.0,0.0
3.0,1.0,16.0,1.0,3.0,34.375,4.0,0.0,0.0,1.0,0.0,0.0,1.0,0.0,0.0,0.0
3.0,1.0,22.0,0.0,0.0,7.5208,0.0,1.0,0.0,1.0,0.0,0.0,1.0,0.0,0.0,0.0
3.0,0.0,37.0,0.0,0.0,9.5875,0.0,1.0,0.0,1.0,0.0,1.0,0.0,0.0,0.0,0.0
3.0,1.0,23.0,0.0,0.0,7.8958,0.0,1.0,0.0,1.0,0.0,0.0,1.0,0.0,0.0,0.0
1.0,0.0,31.0,1.0,0.0,113.275,1.0,0.0,0.0,0.0,0.0,1.0,0.0,0.0,0.0,0.0
2.0,0.0,25.0,1.0,1.0,30.0,2.0,0.0,0.0,1.0,0.0,1.0,0.0,0.0,0.0,0.0
2.0,1.0,28.0,0.0,0.0,13.5,0.0,1.0,0.0,1.0,0.0,0.0,1.0,0.0,0.0,0.0
2.0,1.0,23.0,0.0,0.0,10.5,0.0,1.0,0.0,1.0,0.0,0.0,0.0,0.0,0.0,0.0
3.0,1.0,43.0,0.0,0.0,8.05,0.0,1.0,0.0,1.0,0.0,0.0,1.0,0.0,0.0,0.0
3.0,1.0,24.979258567894302,1.0,0.0,19.9667,1.0,0.0,0.0,1.0,0.0,0.0,1.0,0.0,0.0,0.0
1.0,1.0,62.0,0.0,0.0,26.55,0.0,1.0,0.0,1.0,0.0,0.0,1.0,0.0,0.0,0.0
3.0,1.0,33.8458351554075,0.0,0.0,7.725,0.0,1.0,1.0,0.0,0.0,0.0,1.0,0.0,0.0,0.0
2.0,0.0,38.0,0.0,0.0,13.0,0.0,1.0,0.0,1.0,0.0,1.0,0.0,0.0,0.0,0.0
3.0,0.0,41.0,0.0,2.0,20.2125,2.0,0.0,0.0,1.0,0.0,0.0,0.0,1.0,0.0,0.0
3.0,0.0,45.0,0.0,0.0,7.75,0.0,1.0,0.0,1.0,0.0,1.0,0.0,0.0,0.0,0.0
2.0,1.0,30.0,0.0,0.0,13.0,0.0,1.0,0.0,1.0,0.0,0.0,1.0,0.0,0.0,0.0
3.0,1.0,28.0,0.0,0.0,7.8542,0.0,1.0,0.0,1.0,0.0,0.0,1.0,0.0,0.0,0.0
1.0,1.0,36.0,1.0,2.0,120.0,3.0,0.0,0.0,1.0,0.0,0.0,1.0,0.0,0.0,0.0
3.0,1.0,28.0,0.0,0.0,22.525,0.0,1.0,0.0,1.0,0.0,0.0,1.0,0.0,0.0,0.0
3.0,1.0,31.0,0.0,0.0,7.75,0.0,1.0,1.0,0.0,0.0,0.0,1.0,0.0,0.0,0.0
1.0,1.0,36.0,0.0,0.0,40.125,0.0,1.0,0.0,0.0,0.0,0.0,1.0,0.0,0.0,0.0
3.0,1.0,45.0,0.0,0.0,6.975,0.0,1.0,0.0,1.0,0.0,0.0,1.0,0.0,0.0,0.0
2.0,1.0,18.0,0.0,0.0,11.5,0.0,1.0,0.0,1.0,0.0,0.0,1.0,0.0,0.0,0.0
3.0,1.0,35.0,0.0,0.0,7.8958,0.0,1.0,0.0,0.0,0.0,0.0,1.0,0.0,0.0,0.0
1.0,1.0,48.0,1.0,0.0,76.7292,1.0,0.0,0.0,0.0,0.0,0.0,1.0,0.0,0.0,0.0
3.0,1.0,19.0,0.0,0.0,7.65,0.0,1.0,0.0,1.0,0.0,0.0,1.0,0.0,0.0,0.0
3.0,0.0,30.5,0.0,0.0,7.75,0.0,1.0,1.0,0.0,0.0,1.0,0.0,0.0,0.0,0.0
2.0,1.0,21.0,0.0,0.0,73.5,0.0,0.0,0.0,1.0,0.0,0.0,1.0,0.0,0.0,0.0
3.0,0.0,20.899214811049106,0.0,0.0,7.55,0.0,1.0,0.0,1.0,0.0,1.0,0.0,0.0,0.0,0.0
3.0,1.0,21.0,0.0,0.0,8.05,0.0,1.0,0.0,1.0,0.0,0.0,1.0,0.0,0.0,0.0
